id,date,source,link,map_idf,map_full,map_zoom,displacement_blocks,labeled_safe_blocks,area_sq_km_displacement,area_sq_km_labeled_safe
135,2025-07-20,https://x.com/avichayadraee/status/1946802114421821706,https://gazamaps.com/displacement/135,https://gazamaps.com/storage/displacement-maps/gaza/idf/9IO9Oopr7BAZh4S6KUHJ13STlTjQL1x1lMjJ02AB.jpg,https://gazamaps.com/storage/displacement-maps/gaza/full/1pUxue12RcKlEwiXdYNXDeGIOS1iH70893o8BIRJ.jpg,https://gazamaps.com/storage/displacement-maps/gaza/zoom/XS9UZnoWBfuXdcf1CBOJxLfyCIBXvCCwRHYYOVgy.jpg,"130.1, 130.2, 132, 133, 134, 136, 137, 138, 139, 2351",,5.62,0.00
134,2025-07-18,https://x.com/AvichayAdraee/status/1946202513943720210,https://gazamaps.com/displacement/134,https://gazamaps.com/storage/displacement-maps/gaza/idf/nEuzD8hsu1ObaUtYnFhPBm4qgslURaaQjtgSI3KC.jpg,https://gazamaps.com/storage/displacement-maps/gaza/full/Rp5VM0Myjvu4s1LmqVM1bKFoHuDFOp8RLYYFijgo.jpg,https://gazamaps.com/storage/displacement-maps/gaza/zoom/tjNTTk69w9Eo2BItwnWBMilpZjYVUvQTKWbfD7QG.jpg,"975, 979, 980, 982, 983",,3.31,0.00
133,2025-07-17,https://x.com/AvichayAdraee/status/1945872469035831400,https://gazamaps.com/displacement/133,https://gazamaps.com/storage/displacement-maps/gaza/idf/re28awR1qy0zgbm8C7wkisjhyjXyUu3MmI9b5kqg.jpg,https://gazamaps.com/storage/displacement-maps/gaza/full/CQ54xvm0CxQmBsuGZLtwUHLGN2CtdiduHiEZLxs7.jpg,https://gazamaps.com/storage/displacement-maps/gaza/zoom/z7W4P5TUVfJQKpsPshQGNJyOpFQbPeRWsM63qUvJ.jpg,"602, 606, 699, 713, 714, 715, 716, 717, 718",,1.57,0.00
132,2025-07-15,https://x.com/AvichayAdraee/status/1944989897745383860,https://gazamaps.com/displacement/132,https://gazamaps.com/storage/displacement-maps/gaza/idf/LUZa4R8J1EX351N2oC2enj6zkzZaMVQ7RjvVlAfZ.jpg,https://gazamaps.com/storage/displacement-maps/gaza/full/qHrQAlpF408Iy72ylqzWeRcsQZYVwTv99KKrdGpf.jpg,https://gazamaps.com/storage/displacement-maps/gaza/zoom/xgpiFOT8Yi5oMYl1bUXyz6RJgJFkBgLQ0KtPJC92.jpg,"321, 604, 605, 606, 607, 608, 609, 610, 612, 613, 614, 615, 616, 617, 619, 620, 624, 625, 628, 629, 630, 631, 632, 633, 641, 695, 710, 711, 713, 714, 718, 719, 720, 722, 1797, 1798, 1799, 1800, 1803, 1804, 1805, 1806, 1814, 1816, 1817, 1818, 1820",,6.69,0.00
131,2025-07-11,https://x.com/AvichayAdraee/status/1943667091267051668,https://gazamaps.com/displacement/131,https://gazamaps.com/storage/displacement-maps/gaza/idf/kQlC4iBGUTF6Nb57rVg3REuJu13OhSTXJxWKnKWc.jpg,https://gazamaps.com/storage/displacement-maps/gaza/full/6wgI1SMhLyn9XkUUuJfcUXDDJsyO3jvid3Ogj3sr.jpg,https://gazamaps.com/storage/displacement-maps/gaza/zoom/ET0yeOdApTqvlZwsAAbXIzv91C5JZtu0Zd5nHdQo.jpg,"783, 784",,0.60,0.00
130,2025-07-08,https://x.com/AvichayAdraee/status/1942532083835961752,https://gazamaps.com/displacement/130,https://gazamaps.com/storage/displacement-maps/gaza/idf/TVruJKZyNguIk2PsUMuzCLs8M6Heq0u1h4ojRCxR.jpg,https://gazamaps.com/storage/displacement-maps/gaza/full/2r55wehCX7wBUqtLoETLnTBXluSffVbeCShbxdyb.jpg,https://gazamaps.com/storage/displacement-maps/gaza/zoom/3T9ctFyYNyTVWDtOYF2ucTOw0LDgHyrt1r8t422f.jpg,"107, 108, 109, 110, 111, 112, 8801, 8802, 8803",,7.05,0.00
129,2025-07-06,https://x.com/AvichayAdraee/status/1941905044422455513,https://gazamaps.com/displacement/129,https://gazamaps.com/storage/displacement-maps/gaza/idf/yhaeckHp5gCIuPZEsK4IWETrc1X3xQZzLUaelFEL.jpg,https://gazamaps.com/storage/displacement-maps/gaza/full/G8JTBxoK3iNrBr5GClJ1fe3McsoRTx2djJOTNlFA.jpg,https://gazamaps.com/storage/displacement-maps/gaza/zoom/X1WXsJD6i1J4fd5H8oBdP2z0YWzq5AoyCvoHVMgw.jpg,"88.4, 107, 108, 109, 110, 111, 112",,6.66,0.00
128,2025-07-04,https://x.com/AvichayAdraee/status/1941100617314767033,https://gazamaps.com/displacement/128,https://gazamaps.com/storage/displacement-maps/gaza/idf/N1ukZqLA3E9j9XJfo3ip457gwTAZoutve7sZhZC7.jpg,https://gazamaps.com/storage/displacement-maps/gaza/full/x61nBcnfheU3LN9NHc8kOgTSK6XDQ7AjxiVNo62P.jpg,https://gazamaps.com/storage/displacement-maps/gaza/zoom/hQNMfx9Th6M6IK32fKp0lxzDmZCgCknFPUwmCTLK.jpg,"88.4, 107, 108, 109, 110, 111, 112",,6.66,0.00
127,2025-07-02,https://x.com/AvichayAdraee/status/1940471427490308412,https://gazamaps.com/displacement/127,https://gazamaps.com/storage/displacement-maps/gaza/idf/C87qUrQwei4Gu6MV70SN0IST4whwR6k34Be4CNGW.jpg,https://gazamaps.com/storage/displacement-maps/gaza/full/x0rBFkY8tXCgTmf8DCVlG8uwZNgEroaOTR0q9sXy.jpg,https://gazamaps.com/storage/displacement-maps/gaza/zoom/0OH9HC4A2lI6fRSvdpM4QsxdB0EXXoRWwLMve4w9.jpg,"602, 699, 715, 716, 717",,0.73,0.00
126,2025-07-01,https://x.com/AvichayAdraee/status/1940141950117818603,https://gazamaps.com/displacement/126,https://gazamaps.com/storage/displacement-maps/gaza/idf/SrIoZOGR1XWSvcTwgtiO67DstGeguPA72g6BOZYz.jpg,https://gazamaps.com/storage/displacement-maps/gaza/full/mAPZmw5uTViw1IRYobSpj7QkHFeVzwU84LnVjB9R.jpg,https://gazamaps.com/storage/displacement-maps/gaza/zoom/q0Eb7hc11TGXz4qv3iDrVjoLVKe5ww0HUguTP0tl.jpg,"36, 40, 89.1, 89.2",,9.03,0.00
125,2025-06-30,https://x.com/AvichayAdraee/status/1939598256029254040/photo/1,https://gazamaps.com/displacement/125,https://gazamaps.com/storage/displacement-maps/gaza/idf/UXbRK8u6a8uRlf9Rf2zWBCyx7OuCFX8Ersbu8iwo.jpg,https://gazamaps.com/storage/displacement-maps/gaza/full/qN6rVCxEPTR1FFNiZhANpWH0tapEwJpLEN6DkaNA.jpg,https://gazamaps.com/storage/displacement-maps/gaza/zoom/sCvamyhCI7MbJxbg1WGmTvLny9NxHn7fk1MXCWHt.jpg,"321, 604, 605, 606, 607, 608, 609, 610, 612, 613, 614, 615, 616, 617, 619, 620, 624, 625, 628, 629, 630, 631, 632, 633, 641, 695, 710, 711, 713, 714, 718, 719, 720, 722, 1797, 1798, 1799, 1800, 1803, 1804, 1805, 1806, 1814, 1816, 1817, 1818, 1820",,6.69,0.00
124,2025-06-29,https://x.com/AvichayAdraee/status/1939189566398709879,https://gazamaps.com/displacement/124,https://gazamaps.com/storage/displacement-maps/gaza/idf/By4QyIQfkBj2a3LRc3jwtyq0X4dyMwGfXeEPdUqY.jpg,https://gazamaps.com/storage/displacement-maps/gaza/full/vXAv4t7dLRVvmAdTWvDuR6U8YUju6Jjd7QZKkyys.jpg,https://gazamaps.com/storage/displacement-maps/gaza/zoom/ALjXp5owQ3UIivg3xZu7suL6rPNdHxZemjg3Tr3A.jpg,"321, 604, 605, 606, 607, 608, 609, 610, 612, 613, 614, 615, 616, 617, 619, 620, 624, 625, 628, 629, 630, 631, 632, 633, 641, 695, 710, 711, 713, 714, 718, 719, 720, 722, 1797, 1798, 1799, 1800, 1803, 1804, 1805, 1806, 1814, 1816, 1817, 1818, 1820",,6.69,0.00
123,2025-06-28,https://x.com/AvichayAdraee/status/1938883778270691596,https://gazamaps.com/displacement/123,https://gazamaps.com/storage/displacement-maps/gaza/idf/BopgQUXrZWapEUqvqGl4Ul1eouxLb0PwTUD30Eyk.jpg,https://gazamaps.com/storage/displacement-maps/gaza/full/5F7seZOxL3foYGmrm6GYmitmf7DiACyE9XbSDRBG.jpg,https://gazamaps.com/storage/displacement-maps/gaza/zoom/g2KCBtIj52N9mp6TQAJHbWB6AsHi6zl5s1mtUsN9.jpg,"662, 664, 665, 668, 2310, 2311, 2315, 2322",,4.07,0.00
122,2025-06-27,https://x.com/AvichayAdraee/status/1938713313707213248,https://gazamaps.com/displacement/122,https://gazamaps.com/storage/displacement-maps/gaza/idf/SBH6FBFjwJ5WQ5IltmBWWR2d7wkedwO2WS5KefwT.jpg,https://gazamaps.com/storage/displacement-maps/gaza/full/7LGSsHMbEbxVYqpOLOBmU0MCwRjT93g0QRMkEIGG.jpg,https://gazamaps.com/storage/displacement-maps/gaza/zoom/0ZjeJFvL0Wi9IioL7E7L7g67Ib1Y43eGYpxezuyv.jpg,"662, 664, 665, 668, 2310, 2311, 2315, 2322",,4.07,0.00
121,2025-06-24,https://x.com/AvichayAdraee/status/1937421994238128136,https://gazamaps.com/displacement/121,https://gazamaps.com/storage/displacement-maps/gaza/idf/hiEFc2YhAg9k2ON1gKna0PCFNk3T0quBpwpFsD27.jpg,https://gazamaps.com/storage/displacement-maps/gaza/full/4dMVc3WGhYm3byuDVRryHmlQS37EETkLYcHClM1v.jpg,https://gazamaps.com/storage/displacement-maps/gaza/zoom/lm3xHvhhPnJs0VNxPcPjGKxro9Z0Lkx8IepDIKLV.jpg,"1797, 1798, 1799, 1800, 1803, 1804, 1805, 1814, 1815, 1816, 1817",,1.16,0.00
120,2025-06-23,https://x.com/AvichayAdraee/status/1937127503379726536,https://gazamaps.com/displacement/120,https://gazamaps.com/storage/displacement-maps/gaza/idf/t4nZHsl8UwNcVwKnuSgBcvWgpKwSjqhwYdJxcx0x.jpg,https://gazamaps.com/storage/displacement-maps/gaza/full/KFzUNGO11hLEKzfCoFm8atvS0mZ438AhUhGjKmKj.jpg,https://gazamaps.com/storage/displacement-maps/gaza/zoom/DoCglKHEUK8rWgxguid5AQCUKXATKaaeCkpXuTua.jpg,"107, 108, 109",,1.44,0.00
119,2025-06-20,https://x.com/AvichayAdraee/status/1936033678846460094,https://gazamaps.com/displacement/119,https://gazamaps.com/storage/displacement-maps/gaza/idf/yS7yREmuU032aA0OeodPb5tQh37xHnLnQPdRPTXU.jpg,https://gazamaps.com/storage/displacement-maps/gaza/full/n0WwA750nspmfXhKkBnyd9l5xL0lURL09jfrOVKh.jpg,https://gazamaps.com/storage/displacement-maps/gaza/zoom/h8MoclAdgX1nRrq8klfC9hFK0BkNGJJiQjaeooDp.jpg,"606, 607, 719, 720",,0.80,0.00
118,2025-06-17,https://x.com/AvichayAdraee/status/1935060883073343681,https://gazamaps.com/displacement/118,https://gazamaps.com/storage/displacement-maps/gaza/idf/aUBz82FmbLV69qNS3W8vniM44UAbNPbZwPS4xCBm.jpg,https://gazamaps.com/storage/displacement-maps/gaza/full/dqovAQiUhrUcVTtuCjTlIrSvcYdAlrwmZN4ydvd7.jpg,https://gazamaps.com/storage/displacement-maps/gaza/zoom/wkZATD1EorLseUip6tyFnZAnZAVKUEaWARRVDZqw.jpg,"36, 89.3, 2351, 2353, 2354, 2355, 2356",,5.37,0.00
117,2025-06-14,https://x.com/AvichayAdraee/status/1933936992296800279,https://gazamaps.com/displacement/117,https://gazamaps.com/storage/displacement-maps/gaza/idf/t7595ZWR9zeSeOVcDyRRJ7TUJG3Yn6iYdWa7VpB7.jpg,https://gazamaps.com/storage/displacement-maps/gaza/full/t1UsRHAupX13BHtTwQKvXqOLIvb8amZLx7lI7l0c.jpg,https://gazamaps.com/storage/displacement-maps/gaza/zoom/A2kqdVZfPiPSXzPW2BuwKVuXxcgdI70uzXwH9mQB.jpg,"46, 47, 63, 64, 99, 100, 106, 107, 108, 109",,2.82,0.00
116,2025-06-13,https://x.com/avichayadraee/status/1933524803266531362,https://gazamaps.com/displacement/116,https://gazamaps.com/storage/displacement-maps/gaza/idf/hurqucFemxgD6QyWemka4lOH4nv1OBI0pTHYAEoW.jpg,https://gazamaps.com/storage/displacement-maps/gaza/full/u5iu6t4kqLHB9LhzEHgh4JqYo4ZKJR7w5qiKbfQs.jpg,https://gazamaps.com/storage/displacement-maps/gaza/zoom/Jyypb1iAolxM4yp3sSPmvJICtb2hTShVOML8PQqo.jpg,"1, 2, 3, 4, 5, 6, 7, 8, 9, 10, 11, 12, 13, 14, 15, 16, 17, 18, 19, 20, 21, 22, 23, 24, 25, 26, 27, 28, 29, 30, 31, 32, 33, 34, 35, 36, 37.1, 37.2, 38, 39, 40, 41, 42.1, 42.2, 42.3, 43, 44, 45, 46, 47, 48, 49, 50, 51, 52, 53, 54, 55, 56, 57, 58, 59, 60, 61, 62, 63, 64, 65, 66, 67, 68, 69, 70, 71, 72, 73, 74, 75, 76, 77, 78, 79, 80, 81, 82, 83, 84, 85, 86, 87, 99, 100, 101, 102, 103, 104, 105, 106, 107, 108, 109, 114, 115, 116, 117, 118, 121, 122, 123, 124, 125, 126, 127, 131, 212, 213, 214, 215, 216, 217, 218, 219, 220.1, 220.2, 221, 222, 223, 224, 225, 231, 232, 233, 234, 235, 236, 237, 238, 239, 240, 241, 242, 243, 244, 245, 246, 247, 248, 249, 250, 251, 252, 253, 254, 255, 256, 260.1, 260.2, 270.1, 270.2, 321, 568, 569, 570, 571, 572, 573, 574, 575, 576, 577, 578, 579, 580, 581, 582, 583, 584, 585, 586, 587, 589, 590, 604, 605, 606, 607, 608, 609, 610, 612, 613, 614, 615, 616, 617, 618, 619, 620, 622, 623, 624, 625, 626, 627, 628, 629, 630, 631, 632, 633, 634, 635, 636, 637, 638, 639.1, 639.2, 639.3, 639.4, 641, 646, 647, 648, 649, 650, 651, 652, 653, 654, 655, 656, 657, 658, 659.2, 660, 671.2, 672, 685.2, 686, 699, 710, 711, 712, 713, 714, 715, 718, 719, 720, 721, 722, 723, 730, 731, 732, 733, 734, 735, 736, 737, 741, 742, 743, 747, 750, 751.1, 751.2, 752, 753, 754, 755, 756, 760, 761, 762, 763, 823, 824, 825, 830, 831, 832, 833, 834, 852, 853, 854, 864, 865, 866, 867, 868, 881, 887, 888, 889, 890, 891, 892, 893, 906, 909, 910, 914, 915, 916, 917, 918, 919, 920, 921, 922, 951, 952, 953, 954, 961, 962, 963, 964, 965, 966, 967, 968, 969, 970, 971, 972, 973, 974, 975, 976, 977, 978, 979, 980, 981, 982, 983, 984, 1122, 1123, 1124, 1126, 1738, 1739, 1740, 1741, 1742, 1743, 1744, 1745, 1746.1, 1746.2, 1747, 1748, 1749, 1750, 1751, 1752, 1754, 1755, 1756, 1757, 1758, 1759, 1760, 1761, 1762, 1763, 1764, 1765, 1766, 1767, 1768, 1769, 1770, 1771, 1772, 1774, 1775, 1776, 1777, 1778, 1781, 1782, 1783, 1784, 1785, 1786, 1787, 1788, 1789, 1790, 1791, 1792, 1793, 1794, 1795, 1796, 1797, 1798, 1799, 1800, 1801, 1802, 1803, 1804, 1805, 1806, 1807, 1808, 1809, 1810, 1811, 1812, 1813, 1814, 1815, 1816, 1817, 1818, 1819, 1820, 2200, 2210.3, 2231.2, 2250.1, 2250.2, 2260.1, 2260.2, 2260.3, 2270.1, 2270.2, 2270.3, 2280.1, 2280.2, 2352, 2353, 2354, 2355, 2358, 2359, 2360, 2361, 2362, 2363, 2364, 2365, 2366, 2367, 2368, 2369, 2370, 2371, 2372, 2373, 2374, 2375, 2376, 3261",,257.48,0.00
114,2025-06-12,https://x.com/avichayadraee/status/1933129914460369086,https://gazamaps.com/displacement/114,https://gazamaps.com/storage/displacement-maps/gaza/idf/dmu7O82UbC7Se06HWcNjy2BpnKZHzTSpByths24O.jpg,https://gazamaps.com/storage/displacement-maps/gaza/full/h7PfKV5Y45EaOSrBZaFHGzEQR6bq21KJiiiYkGg9.jpg,https://gazamaps.com/storage/displacement-maps/gaza/zoom/JK3SMCjnNT2kozXr0LZuVxBgo4Qn5LeEoG5SNqFm.jpg,"606, 607, 714, 718, 719, 720, 722.1, 1803",,1.53,0.00
115,2025-06-12,https://x.com/avichayadraee/status/1933207513048232238,https://gazamaps.com/displacement/115,https://gazamaps.com/storage/displacement-maps/gaza/idf/Vo8wC4UmC2B9GGlHcuchg6WbzHgcn9WUDJCeaJSi.jpg,https://gazamaps.com/storage/displacement-maps/gaza/full/9HArXwOr2JxBqgVzN4oVzXeuH8SxhwGdCACwSSJ1.jpg,https://gazamaps.com/storage/displacement-maps/gaza/zoom/hG2DXX3Ksfb4aL3HH6kpssL1aMWNUXoOPpaYAvFN.jpg,"63, 64, 100.1, 107, 108",,1.65,0.00
113,2025-06-10,https://x.com/avichayadraee/status/1932363369341743240,https://gazamaps.com/displacement/113,https://gazamaps.com/storage/displacement-maps/gaza/idf/t5E42W8aEc1tSmOenp8fmDFWHGEmv0sQ3NB5ux3s.jpg,https://gazamaps.com/storage/displacement-maps/gaza/full/InE2ooi6xbqonvUHE87XIDBmuM2iXVNWsTAWAf97.jpg,https://gazamaps.com/storage/displacement-maps/gaza/zoom/anKAeZGPNDG8eUqoIov9guMJ5QAL1Ex00EKTbpF0.jpg,"975, 979, 980, 982, 983, 1814",,3.46,0.00
112,2025-06-09,https://x.com/avichayadraee/status/1931925156651315645,https://gazamaps.com/displacement/112,https://gazamaps.com/storage/displacement-maps/gaza/idf/3Hgzr2e6YrJyloLQ7gUiAoyzF8iZuJzkafhDFh7t.jpg,https://gazamaps.com/storage/displacement-maps/gaza/full/WWkuRP8UnJCg008VV3C5PVwH2TcFCcLMKhDHctPi.jpg,https://gazamaps.com/storage/displacement-maps/gaza/zoom/ciRSLoTd2kzPe0VMMgwM39HL33i6eje1VhkA6Fwe.jpg,"713, 714, 719, 722, 1781, 1786, 1789, 1790, 1791, 1792, 1793, 1795, 1796, 1797, 1798, 1799, 1800, 1801, 1802, 1803, 1804, 1805, 1806, 1807, 1816, 1817, 1818, 1819, 1820",,2.90,0.00
111,2025-06-07,https://x.com/avichayadraee/status/1931308207986589957,https://gazamaps.com/displacement/111,https://gazamaps.com/storage/displacement-maps/gaza/idf/bYLFhZg8u5bpu3SlK5K3mviXSWKH9sN7irW0b87R.jpg,https://gazamaps.com/storage/displacement-maps/gaza/full/tjW56RAQrswvSnMlNec8jCbzLdTqAF0FfCmEdguB.jpg,https://gazamaps.com/storage/displacement-maps/gaza/zoom/RQshMPKNT1auftSUaTDRXAzk3R3Nm7U8PxcON3Xd.jpg,"975, 976, 982, 983, 1814, 1815, 1816",,2.29,0.00
110,2025-06-06,https://x.com/avichayadraee/status/1930949732370694497,https://gazamaps.com/displacement/110,https://gazamaps.com/storage/displacement-maps/gaza/idf/W5E0L7GUm17YCjr14idbcT0521QVQz8C8gR3C6W6.jpg,https://gazamaps.com/storage/displacement-maps/gaza/full/QoQFOZewEUJ98i8A2IxRSXns23kNTVYTGXNqjxlx.jpg,https://gazamaps.com/storage/displacement-maps/gaza/zoom/hp5fFGQN8UMKJ2ZGfOCgI25KgVfUpzT8IZhUQfZd.jpg,"608, 609, 615, 616",,0.34,0.00
109,2025-06-04,https://x.com/AvichayAdraee/status/1930339812361273478,https://gazamaps.com/displacement/109,https://gazamaps.com/storage/displacement-maps/gaza/idf/rfdAlcHGhbnin2oW4yUKU7VGjRJLTHKFDsGlLziD.jpg,https://gazamaps.com/storage/displacement-maps/gaza/full/LZakfW4rCvWInOxFkbmQQP3Az05FpfxUEy3xgZnl.jpg,https://gazamaps.com/storage/displacement-maps/gaza/zoom/f26IGQne98FimgqqXqIIEdZJ71ed3JyYAZwsFIcg.jpg,"321, 568, 569, 570, 571, 572, 573, 574, 575, 576, 577, 578, 579, 580, 581, 582, 583, 584, 585, 586, 587, 589, 590, 604, 605, 606, 607, 608, 609, 610, 612, 613, 614, 615, 616, 617, 618, 619, 620, 622, 623, 624, 625, 626, 627, 628, 629, 630, 631, 632, 633, 634, 635, 636, 637, 638, 639.2, 639.4, 641, 646, 647, 648, 649, 650, 651, 652, 653, 654, 655, 656, 657, 658, 659.2, 660, 671.2, 672, 685.2, 686, 710, 711, 713, 714, 718, 719, 720, 721, 722, 723, 730, 731, 732, 733, 734, 735, 736, 737, 741, 742, 743, 747, 750, 751.1, 751.2, 752, 753, 754, 755, 756, 823, 824, 825, 830, 831, 832, 833, 834, 852, 853, 854, 864, 865, 866, 867, 868, 881, 887, 888, 889, 890, 891, 892, 893, 906, 909, 910, 914, 915, 916, 917, 918, 919, 920, 921, 922, 951, 952, 953, 954, 961, 962, 963, 964, 965, 966, 967, 968, 969, 970, 971, 972, 973, 974, 975, 976, 977, 978, 979, 980, 982, 983, 984, 1122, 1123, 1124, 1126, 1738, 1739, 1740, 1741, 1742, 1743, 1744, 1745, 1746.1, 1746.2, 1747, 1748, 1749, 1750, 1751, 1752, 1754, 1755, 1756, 1757, 1758, 1759, 1760, 1761, 1762, 1763, 1764, 1765, 1766, 1767, 1768, 1769, 1770, 1771, 1772, 1774, 1775, 1776, 1777, 1778, 1781, 1782, 1783, 1784, 1785, 1786, 1787, 1788, 1789, 1790, 1791, 1792, 1793, 1794, 1795, 1796, 1797, 1798, 1799, 1800, 1801, 1802, 1803, 1804, 1805, 1806, 1807, 1808, 1809, 1810, 1811, 1812, 1813, 1814, 1815, 1816, 1817, 1818, 1819, 1820, 2200, 2210.2, 2210.3, 2231.3",,95.22,0.00
108,2025-06-02,https://x.com/AvichayAdraee/status/1929570249591968075,https://gazamaps.com/displacement/108,https://gazamaps.com/storage/displacement-maps/gaza/idf/0jlHJ9VYxJccmmILmEZIPvZVnKt3vxnIYb4kaYBy.jpg,https://gazamaps.com/storage/displacement-maps/gaza/full/kAxCMu64OyiP7nulX1z0lwLauHMrOlsVMtgy2RCS.jpg,https://gazamaps.com/storage/displacement-maps/gaza/zoom/pe7tAeZ5U5Jz4iBPAi69isKBxvkb7fD0vY52hitw.jpg,"1, 2, 3, 4, 5, 6, 7, 8, 9, 10, 11, 12, 13, 14, 15, 16, 17, 18, 19, 20, 21, 22, 23, 24, 25, 26, 27, 28, 29, 30, 31, 32, 33, 34, 35, 36, 37.1, 37.2, 38, 39, 40, 41, 42.1, 42.2, 42.3, 43, 44, 45, 46, 47, 48, 49, 50, 51, 52, 53, 54, 55, 56, 57, 58, 59, 60, 61, 62, 63, 64, 65, 66, 67, 68, 69, 70, 71, 72, 73, 74, 75, 76, 77, 78, 79, 80, 81, 82, 83, 84, 85, 86, 87, 88.2, 99, 100, 101, 102, 103, 104, 105, 106, 108, 109, 114, 115, 116, 117, 118, 121, 122, 123, 124, 125, 126, 127, 131, 212, 213, 214, 215, 216, 217, 218, 219, 220.1, 220.2, 221, 222, 223, 224, 225, 231, 232, 233, 234, 235, 236, 237, 238, 239, 240, 241, 242, 243, 244, 245, 246, 247, 248, 249, 250, 251, 252, 253, 254, 255, 256, 260.1, 260.2, 270.1, 270.2, 651.1, 654, 655, 656, 657, 658, 659, 660, 671, 2200, 2210, 2231.2, 2231.3, 2250.1, 2250.2, 2260.1, 2260.2, 2260.3, 2270.1, 2270.2, 2270.3, 2280.1, 2280.2, 2352, 2353, 2354, 2355, 2358, 2359, 2361, 2362, 2363, 2364, 2365, 2366, 2367, 2368, 2369, 2370, 2371, 2372, 2373, 2374, 2375, 2376, 3261",,169.29,0.00
107,2025-05-31,https://x.com/avichayadraee/status/1928879035733491847,https://gazamaps.com/displacement/107,https://gazamaps.com/storage/displacement-maps/gaza/idf/BbP0b3QgpQJWDsnKFHUNkHgHObyrxhdAPjWWRqZX.jpg,https://gazamaps.com/storage/displacement-maps/gaza/full/LGRqZrGP2ns1ob6BnTw3J7N8UFfkch4x6zN28Xra.jpg,https://gazamaps.com/storage/displacement-maps/gaza/zoom/P9QDatoYSu6F0W2DHcUZbEsT0xvLhC92eWKGYij3.jpg,"1, 2, 3, 4, 5, 6, 7, 8, 9, 10, 11, 12, 13, 14, 15, 16, 17, 18, 19, 20, 21, 22, 23, 24, 25, 26, 27, 28, 29, 30, 31, 32, 33, 34, 35, 36, 37.1, 37.2, 38, 39, 40, 41, 42.1, 42.2, 42.3, 43, 44, 45, 46, 47, 48, 49, 50, 51, 52, 53, 54, 55, 56, 57, 58, 59, 60, 61, 62, 63, 64, 65, 66, 67, 68, 69, 70, 71, 72, 73, 74, 75, 76, 77, 78, 79, 80, 81, 82, 83, 84, 85, 86, 87, 88.2, 99, 100, 101, 102, 103, 104, 105, 106, 114, 115, 116, 117, 118, 121, 122, 123, 124, 125, 126, 127, 131, 212, 213, 214, 215, 216, 217, 218, 219, 220.1, 220.2, 221, 222, 223, 224, 225, 231, 232, 233, 234, 235, 236, 237, 238, 239, 240, 241, 242, 243, 244, 245, 246, 247, 248, 249, 250, 251, 252, 253, 254, 255, 256, 260.1, 260.2, 270.1, 270.2, 651.1, 654, 655, 656, 657, 658, 659, 660, 671, 2200, 2210, 2231.2, 2231.3, 2250.1, 2250.2, 2260.1, 2260.2, 2260.3, 2270.1, 2270.2, 2270.3, 2280.1, 2280.2, 2352, 2353, 2354, 2355, 2358, 2359, 2361, 2362, 2363, 2364, 2365, 2366, 2367, 2368, 2369, 2370, 2371, 2372, 2373, 2374, 2375, 2376, 3261",,168.30,0.00
106,2025-05-29,https://x.com/avichayadraee/status/1928188752137965694,https://gazamaps.com/displacement/106,https://gazamaps.com/storage/displacement-maps/gaza/idf/MfithB3B3BGej3bsMR2N6PGwupKlePsptzjSRZcA.jpg,https://gazamaps.com/storage/displacement-maps/gaza/full/joWwN0TEkd5XRa5b3bGsMnALh7QnbNfQpXRM4ns6.jpg,https://gazamaps.com/storage/displacement-maps/gaza/zoom/B7pth7JRY1MUDuroE5jsEFPyn4jIoRrd3TpNZ1Us.jpg,"321, 568, 569, 570, 571, 572, 573, 574, 575, 576, 577, 578, 579, 580, 581, 582, 583, 584, 585, 586, 587, 589, 590, 604, 605, 606, 607, 608, 609, 610, 612, 613, 614, 615, 616, 617, 618, 619, 620, 622, 623, 624, 625, 626, 627, 628, 629, 630, 631, 632, 633, 634, 635, 636, 637, 638, 639.2, 639.4, 641, 646, 647, 648, 649, 650, 651, 652, 653, 654, 655, 656, 657, 658, 659.2, 660, 671.2, 672, 685.2, 686, 710, 711, 713, 714, 718, 719, 720, 721, 722, 723, 730, 731, 732, 733, 734, 735, 736, 737, 741, 742, 743, 747, 750, 751.1, 751.2, 752, 753, 754, 755, 756, 823, 824, 825, 830, 831, 832, 833, 834, 852, 853, 854, 864, 865, 866, 867, 868, 881, 887, 888, 889, 890, 891, 892, 893, 906, 909, 910, 914, 915, 916, 917, 918, 919, 920, 921, 922, 951, 952, 953, 954, 961, 962, 963, 964, 965, 966, 967, 968, 969, 970, 971, 972, 973, 974, 975, 976, 977, 978, 979, 980, 982, 983, 984, 1122, 1123, 1124, 1126, 1738, 1739, 1740, 1741, 1742, 1743, 1744, 1745, 1746.1, 1746.2, 1747, 1748, 1749, 1750, 1751, 1752, 1754, 1755, 1756, 1757, 1758, 1759, 1760, 1761, 1762, 1763, 1764, 1765, 1766, 1767, 1768, 1769, 1770, 1771, 1772, 1774, 1775, 1776, 1777, 1778, 1781, 1782, 1783, 1784, 1785, 1786, 1787, 1788, 1789, 1790, 1791, 1792, 1793, 1794, 1795, 1796, 1797, 1798, 1799, 1800, 1801, 1802, 1803, 1804, 1805, 1806, 1807, 1808, 1809, 1810, 1811, 1812, 1813, 1814, 1815, 1816, 1817, 1818, 1819, 1820, 2200, 2210.2, 2210.3, 2231.3",,95.22,0.00
103,2025-05-26,https://x.com/AvichayAdraee/status/1926956432005517694,https://gazamaps.com/displacement/103,https://gazamaps.com/storage/displacement-maps/gaza/idf/RmyDQV3ijlI4BASk6m1GwvZZnPRT3ZmDWA8JEOAI.jpg,https://gazamaps.com/storage/displacement-maps/gaza/full/3T91A5nl2xIz57aigVPSEbOFDTLKJNSuQmb9QYFP.jpg,https://gazamaps.com/storage/displacement-maps/gaza/zoom/SKKJRUaiWAYV3Yip4PeREMUvbVLs8ExuJld3qVPp.jpg,"1, 2, 3, 4, 5, 6, 7, 8, 9, 10, 11, 12, 13, 14, 15, 16, 17, 18, 19, 20, 21, 22, 23, 24, 25, 26, 27, 28, 29, 30, 31, 32, 33, 34, 35, 36, 37.1, 37.2, 38, 39, 40, 41, 42.1, 42.2, 42.3, 43, 44, 45, 46, 47, 48, 49, 50, 51, 52, 53, 54, 55, 56, 57, 58, 59, 60, 61, 62, 63, 64, 65, 66, 67, 68, 69, 70, 71, 72, 73, 74, 75, 76, 77, 78, 79, 80, 81, 82, 83, 84, 85, 86, 87, 99, 100, 101, 102, 103, 104, 105, 106, 114, 115, 116, 117, 118, 121, 122, 123, 124, 125, 126, 127, 131, 212, 213, 214, 215, 216, 217, 218, 219, 220.1, 220.2, 221, 222, 223, 224, 225, 231, 232, 233, 234, 235, 236, 237, 238, 239, 240, 241, 242, 243, 244, 245, 246, 247, 248, 249, 250, 251, 252, 253, 254, 255, 256, 260.1, 260.2, 270.1, 270.2, 2250.1, 2250.2, 2260.1, 2260.2, 2260.3, 2270.1, 2270.2, 2270.3, 2280.1, 2280.2, 2352, 2353, 2354, 2355, 2358, 2359, 2360, 2361, 2362, 2363, 2364, 2365, 2366, 2367, 2368, 2369, 2370, 2371, 2372, 2373, 2374, 2375, 2376, 3261",,154.37,0.00
101,2025-05-21,https://x.com/AvichayAdraee/status/1925245196570358157,https://gazamaps.com/displacement/101,https://gazamaps.com/storage/displacement-maps/gaza/idf/LsVPnef0igxm50NpBI2Ar8spHFdJEr6FtfoU0FSE.jpg,https://gazamaps.com/storage/displacement-maps/gaza/full/4LETUhr4MQ67MEWfXAhNp0EMxSZokcTxiGTUqMlZ.jpg,https://gazamaps.com/storage/displacement-maps/gaza/zoom/QUoVgkg2bvkLILxWArxqjRW6JLhGKcxZyBv2TKJc.jpg,"961, 962, 963, 964, 965, 966, 967, 968, 969, 970, 970, 971, 972, 973, 974, 975, 976, 977, 978, 979, 980, 982, 983, 984, 1738, 1739, 1754, 1755, 1764, 1765, 1766, 1767, 1770, 1771, 1772, 1774, 1782, 1784, 1785, 1786, 1787, 1788, 1789, 1790, 1791, 1792, 1796, 1806, 1807, 1808, 1809, 1810, 1811, 1812, 1813, 1814, 1815, 1816.2, 1817",,13.26,0.00
100,2025-05-19,https://x.com/AvichayAdraee/status/1924395324904210684,https://gazamaps.com/displacement/100,https://gazamaps.com/storage/displacement-maps/gaza/idf/jLQDLCkDh2HdpQVZRtYCVf4IQsO1O6HT2yeQRNg5.jpg,https://gazamaps.com/storage/displacement-maps/gaza/full/LVvG26mySzBfcBHizKXWGa8CBy5r7PJymgQxHgA2.jpg,https://gazamaps.com/storage/displacement-maps/gaza/zoom/mCbPKqwwWmAE1hEfoeU4zSzvZZ8IvnAOtAZbON7P.jpg,"36, 37.1, 37.2, 38, 39, 40, 41, 42.1, 42.2, 42.3, 43, 44, 45, 46, 47, 48, 49, 50, 51, 52, 53, 54, 55, 56, 57, 58, 59, 60, 61, 62, 63, 64, 67, 68, 69, 70, 71, 72, 73, 74, 75, 76, 77, 78, 99, 100, 101, 102, 103, 104, 105, 106, 107.2, 108.2, 114, 115, 116, 117, 118, 121, 122, 123, 124, 125, 126, 127, 131.1, 131.2, 212, 213, 214, 215, 216, 217, 218, 219, 220.1, 220.2, 221, 222, 223, 224, 225, 231, 232, 233, 234, 235, 236, 237, 238, 239, 240, 241, 242, 243, 244, 245, 246, 247, 248, 249, 250, 251, 252, 253, 254, 255, 256, 260.1, 260.2, 2250.1, 2250.2, 2260.1, 2260.2, 2260.3, 2270.1, 2270.2, 2270.3, 2280.1, 2280.2, 2352, 2353, 2354, 2355",,81.18,0.00
99,2025-05-18,https://x.com/avichayadraee/status/1924138581456506948,https://gazamaps.com/displacement/99,https://gazamaps.com/storage/displacement-maps/gaza/idf/yontNpJj5HUqqtDc2P4zxm1tkfJEUqeR16yuVEDH.jpg,https://gazamaps.com/storage/displacement-maps/gaza/full/ol95fq8LOog73ga7UwFNC1mqOI0IMjCgHI9tB2MW.jpg,https://gazamaps.com/storage/displacement-maps/gaza/zoom/ZDxIsNKnDc8tjKPF7j1I0WApFeFypZTqSQNkfbJ1.jpg,"126, 127, 129.1, 129.2, 130.1, 130.2, 131.1, 2352, 2353, 2354, 2355",,5.96,0.00
98,2025-05-14,https://x.com/AvichayAdraee/status/1922675041692463360,https://gazamaps.com/displacement/98,https://gazamaps.com/storage/displacement-maps/gaza/idf/MHkS1S5l3zq9RUXckvkg6plcQhjGGCEmclJaKxfB.jpg,https://gazamaps.com/storage/displacement-maps/gaza/full/LunLPpLtku38FhrumjHn4lqzgddvXrR82gfhO4dn.jpg,https://gazamaps.com/storage/displacement-maps/gaza/zoom/lW78z11xsbgptgTUIDcliFjmWYlIRS5HhpaIxoTi.jpg,"663, 706, 785, 786, 787",,1.61,0.00
97,2025-05-13,https://x.com/AvichayAdraee/status/1922380063351439569,https://gazamaps.com/displacement/97,https://gazamaps.com/storage/displacement-maps/gaza/idf/AOHiqKJ6jCZsbhJ3zhCWzpcB8G5hGomsGi8yBwiE.jpg,https://gazamaps.com/storage/displacement-maps/gaza/full/oz3rMRO9MrrkX1zYoRaiSpkrWeOS5mUuA1cLOPoX.jpg,https://gazamaps.com/storage/displacement-maps/gaza/zoom/E43oYkZlKxdJLqk8Dzy3AmkOhqc8BZscRC4XV5eR.jpg,"754, 755, 1770, 1771, 1772, 1782, 1783, 1784, 1785, 1786, 1787, 1788, 1790, 1791, 1792, 1794, 1796, 1808, 1809, 1811",,5.06,0.00
96,2025-04-25,https://x.com/AvichayAdraee/status/1915812977044853003,https://gazamaps.com/displacement/96,https://gazamaps.com/storage/displacement-maps/gaza/idf/qdegWeqzmknWBRDwsRPhJadJS3iql5uWRVkeR9Sr.jpg,https://gazamaps.com/storage/displacement-maps/gaza/full/fRmNbv7hPEEi4GzpfaFJpXH4CfxVUVFEnO4xavHm.jpg,https://gazamaps.com/storage/displacement-maps/gaza/zoom/xMZ3t8SPDuoUxFFNnYRXK1k9EtU4fIaj16vvUoqG.jpg,"321, 617, 618, 619, 622, 623, 632, 633, 634, 635, 686, 730, 731, 732, 733, 734, 735, 736, 737, 887, 888",,5.04,0.00
95,2025-04-24,https://x.com/AvichayAdraee/status/1915410466811134276,https://gazamaps.com/displacement/95,https://gazamaps.com/storage/displacement-maps/gaza/idf/SAwOA0zWY79vXoMW8i3bXwiW4oCgc4HY4vxP52iT.jpg,https://gazamaps.com/storage/displacement-maps/gaza/full/KGjFPU5yjrXmYZvrse11wmJXDhDep0pJYXNKBQex.jpg,https://gazamaps.com/storage/displacement-maps/gaza/zoom/c1OVhB5EGAJH4jzu95EJbDBqJpN0HXm2G31scNJz.jpg,"568, 569, 570, 571, 572, 573, 574, 575, 576, 577, 578, 756, 1765, 1767, 1768, 1769, 1770, 1771, 1774, 1778",,7.49,0.00
94,2025-04-13,https://x.com/AvichayAdraee/status/1911411983066210553,https://gazamaps.com/displacement/94,https://gazamaps.com/storage/displacement-maps/gaza/idf/AvPKDyKXyQbr4iUg0USpLK8oRKXoahAYdCrLGZAy.jpg,https://gazamaps.com/storage/displacement-maps/gaza/full/AFdMBZvWGjgcK9JGoxyuBmN7ZNEimYNlT4jkLQRB.jpg,https://gazamaps.com/storage/displacement-maps/gaza/zoom/DUxaEhTUseTBSuoSBHCy47aWIv8zhlTdI38YHFFo.jpg,"58, 61, 62, 64, 65, 78, 79, 83, 87",,5.38,0.00
92,2025-04-12,https://x.com/AvichayAdraee/status/1911018130651873443,https://gazamaps.com/displacement/92,https://gazamaps.com/storage/displacement-maps/gaza/idf/tAUOYap8HeaBkaLMozVBxlcC6N7LcUBtBz8bsS3U.jpg,https://gazamaps.com/storage/displacement-maps/gaza/full/2TIT9eyCRWi85dbLZRA0IOtsqjV8HwSjj81jyLVX.jpg,https://gazamaps.com/storage/displacement-maps/gaza/zoom/JubqoXrORtWLAzt82VqAOLYK97n16itctgc3OnvR.jpg,"58, 61, 62, 64, 65, 78, 79, 83, 87",,5.38,0.00
93,2025-04-12,https://x.com/AvichayAdraee/status/1911142356457312613,https://gazamaps.com/displacement/93,https://gazamaps.com/storage/displacement-maps/gaza/idf/auRuCS2nfyxy8bDiF7MnJSOcjOECKpg76D2p25PG.jpg,https://gazamaps.com/storage/displacement-maps/gaza/full/HwCi92BQVBEKsFk9sFWrAb1QBYaZXxDfGgh1c8Z2.jpg,https://gazamaps.com/storage/displacement-maps/gaza/zoom/MwF2zl29daSRm1N6HBtcobXSBTDDN7IEfcucQiMv.jpg,"665, 668, 2311, 2313, 2314, 2315, 2316, 2317, 2322",,3.63,0.00
90,2025-04-11,https://x.com/AvichayAdraee/status/1910571322414973054,https://gazamaps.com/displacement/90,https://gazamaps.com/storage/displacement-maps/gaza/idf/OYEnVNXefAUm82DpaaKQyCQQF2cX9G8DNZmdAEIq.jpg,https://gazamaps.com/storage/displacement-maps/gaza/full/3vwPYtrpC57dinYbEpze1EgfpIys7iiolKkMxNF5.jpg,https://gazamaps.com/storage/displacement-maps/gaza/zoom/TcvvPy42DJTOAyKbW3h86ZVPmWl2e42K1Mh9KUSr.jpg,"607, 617, 618, 719, 720, 721, 722, 723, 737, 751.1, 751.2, 753, 754, 755, 834, 887, 888, 889, 890, 891, 892, 893",,6.71,0.00
91,2025-04-11,https://x.com/avichayadraee/status/1910650775040106938,https://gazamaps.com/displacement/91,https://gazamaps.com/storage/displacement-maps/gaza/idf/t63LzS9P157ad9MTIVfYdd4qsK72o1jKx8UJUjyb.jpg,https://gazamaps.com/storage/displacement-maps/gaza/full/OKa47cI7xoUrDaJJFOcvH7OzUv6pd8cykt5xneTw.jpg,https://gazamaps.com/storage/displacement-maps/gaza/zoom/OYmHBsLsYHaJFgyDc2MxyJynNhA42kP4lpbNfUQC.jpg,"114, 115, 116, 117, 118, 121, 122, 123, 124, 224, 225, 234, 235, 236, 237, 238, 239, 240, 241, 242, 243, 248, 249, 250, 251, 252, 253, 254, 256, 260.2",,18.90,0.00
89,2025-04-06,https://x.com/AvichayAdraee/status/1908977979968872868,https://gazamaps.com/displacement/89,https://gazamaps.com/storage/displacement-maps/gaza/idf/ILCfTB04NoA7ie9KKlsyeK2mZu0HsuG3iSNsln6u.jpg,https://gazamaps.com/storage/displacement-maps/gaza/full/SG1KyJBsJgNBHkeDDNh6t8DQw62A5nM8A2Pn9P3C.jpg,https://gazamaps.com/storage/displacement-maps/gaza/zoom/7ELD4ScWKr5ezGn3v9xwjUUEGb4q1zYH9HgWgLkn.jpg,"2332, 2333, 2334, 2335, 2336",,3.13,0.00
87,2025-04-03,https://x.com/AvichayAdraee/status/1907696538073137411,https://gazamaps.com/displacement/87,https://gazamaps.com/storage/displacement-maps/gaza/idf/IkH8u8zqNe5jfJiWrraaCrpGzD9Ey1T22cNbqoHI.jpg,https://gazamaps.com/storage/displacement-maps/gaza/full/iEkCRRplIURwKZLIjkWekNPyKeA4CoG5mm422gOc.jpg,https://gazamaps.com/storage/displacement-maps/gaza/zoom/8e6Lu9o0zEdtobw4jxQkISMp7l3fGE3hhw1BNviJ.jpg,"634, 731, 732, 733, 734, 735, 736, 737, 751.2, 887, 888, 890, 891, 892, 893",,4.19,0.00
88,2025-04-03,https://x.com/AvichayAdraee/status/1907862835578732845,https://gazamaps.com/displacement/88,https://gazamaps.com/storage/displacement-maps/gaza/idf/VztfHxuXVKZoyvntBXAomvvCHBC5AbJiDmJobZm4.jpg,https://gazamaps.com/storage/displacement-maps/gaza/full/Zjhm7Aq2NnbxZOLJKuzVgeKMLmkyxzdtD1Rw4lRh.jpg,https://gazamaps.com/storage/displacement-maps/gaza/zoom/q9Nsm4S0ih6pmWYvKDZud7TTsKK1WcgJcRgj8I3r.jpg,"625, 626, 627, 628, 629, 633, 635, 639.1, 639.4, 640.2, 641, 642.1, 683.1, 684, 685",,5.43,0.00
86,2025-04-02,https://x.com/AvichayAdraee/status/1907516426732052812,https://gazamaps.com/displacement/86,https://gazamaps.com/storage/displacement-maps/gaza/idf/61QIPQkhopQMcXqZxWAmi3dE2Ux1gTBJAeAWjZV7.jpg,https://gazamaps.com/storage/displacement-maps/gaza/full/N86SoNxei7joPuoupiaHIpFOPsisj0aZaTT7pani.jpg,https://gazamaps.com/storage/displacement-maps/gaza/zoom/ul5K0QuwhbgAXmnNcoFyDd1Urs7i9pHFOfT0wZ0w.jpg,"578, 754, 755, 756, 1768, 1770, 1771, 1772, 1782, 1783, 1784, 1785, 1794, 1808, 1809",,6.18,0.00
85,2025-04-01,https://x.com/AvichayAdraee/status/1906973880444489986,https://gazamaps.com/displacement/85,https://gazamaps.com/storage/displacement-maps/gaza/idf/48aYPe9iIxQyo9jfqnLy1v1D0b6EYKuCm3BdtBcR.jpg,https://gazamaps.com/storage/displacement-maps/gaza/full/PcX2xwWe47pdiK5tpdTGiFXoMZgrXY4aD34nc9W9.jpg,https://gazamaps.com/storage/displacement-maps/gaza/zoom/7kbU9QXuLEiyCb1HIELXx0z14vwq8zLxXC5Zhodf.jpg,"568, 569, 570, 571, 572, 573, 574, 575, 576, 577, 578, 1762, 1763, 1764, 1765, 1767, 1768, 1769, 1770, 1774, 1778",,7.19,0.00
84,2025-03-31,https://x.com/avichayadraee/status/1906595629993967915,https://gazamaps.com/displacement/84,https://gazamaps.com/storage/displacement-maps/gaza/idf/lUGDNQNaB1TEiVSP8VXpH0vf4vzXBGaXb3oeD4uN.jpg,https://gazamaps.com/storage/displacement-maps/gaza/full/mY4uY0MSB5eZh8APWwVQyvWghoVhuealZ98P5cyc.jpg,https://gazamaps.com/storage/displacement-maps/gaza/zoom/t7IXQaNeUKnnv0xz7CsLkSmUpMSVu2v7KkCKgoIF.jpg,"4, 5, 6, 7, 12, 13, 14, 15, 16, 17, 18, 19, 20, 21, 22, 23, 24, 26, 27, 28, 29, 30, 31, 32, 33, 34, 35, 65, 66, 79, 80, 81, 82, 83, 84, 85, 86, 87, 270.1, 2359, 2360, 2361, 2364, 2365, 2366, 2367, 2368, 2369, 2370, 2371, 2372, 2373, 2374, 2375, 2376",,51.78,0.00
83,2025-03-29,https://x.com/AvichayAdraee/status/1905968250774561088,https://gazamaps.com/displacement/83,https://gazamaps.com/storage/displacement-maps/gaza/idf/4GpFyEHjnd0AxwFXkzsMhnRz8DXjh2ZtiKPSLiLf.jpg,https://gazamaps.com/storage/displacement-maps/gaza/full/tj0gEljmXxfXKDfXQ54VlgVjeDFYiPFQtHNlM4XE.jpg,https://gazamaps.com/storage/displacement-maps/gaza/zoom/rOS1qhCIC5QJ0m0aCo3PxZ17VctoG65txVAfkrf4.jpg,"222, 224, 234, 235, 236, 243, 2280.1, 2280.2",,9.58,0.00
81,2025-03-26,https://x.com/avichayadraee/status/1904851649648050211,https://gazamaps.com/displacement/81,https://gazamaps.com/storage/displacement-maps/gaza/idf/qVlBQDWLUkmGUMVQortfFBjImHoLxMmBxvtqtJ0j.jpg,https://gazamaps.com/storage/displacement-maps/gaza/full/TRqCGWvSv2SkFAB7SUYOHOSzIl9ysIzkKt7SYmZ3.jpg,https://gazamaps.com/storage/displacement-maps/gaza/zoom/39Lyoj2TnSAdVsJ9lu2NTBvi8M6QtRpBGTNAgrOq.jpg,"627, 678, 679, 680, 681, 683.1, 683.2, 684, 685, 687, 726, 727, 728, 729, 788, 789",,6.74,0.00
82,2025-03-26,https://x.com/AvichayAdraee/status/1904989654413152559,https://gazamaps.com/displacement/82,https://gazamaps.com/storage/displacement-maps/gaza/idf/rD3kTHMDXT5ahMw8Huk3vjqZZGuGS9oWVTqS5Hjg.jpg,https://gazamaps.com/storage/displacement-maps/gaza/full/jW31kZVuxx8QSUpmJZqRJ329lqF6OpT3MZMzKVq3.jpg,https://gazamaps.com/storage/displacement-maps/gaza/zoom/t3wPBpgDjnQ5vEEtzdfi7O4RmwAJwXuqOk49usMI.jpg,"627, 633, 634, 635, 639.1, 639.3, 640.1, 640.2, 641, 642.1, 642.2, 678, 679, 680, 681, 683.1, 683.2, 684, 685, 686, 687, 726, 727, 728, 729, 788, 789",,10.47,0.00
79,2025-03-24,https://x.com/avichayadraee/status/1904236224379748514,https://gazamaps.com/displacement/79,https://gazamaps.com/storage/displacement-maps/gaza/idf/IouoeAbxH6Oy8WwsoYYAyODdl2vhuNlMcSTLdOU6.jpg,https://gazamaps.com/storage/displacement-maps/gaza/full/H0Mw3xuagYY8XnjIJMrZ7MsZw6KlpxqiqWoJiOEm.jpg,https://gazamaps.com/storage/displacement-maps/gaza/zoom/2zijtX6kxaXfMYk0Osc7PLRDx9QOVmQZFVE5efAS.jpg,"577, 578, 1765, 1767, 1768, 1769, 1770, 1770, 1774, 1778",,4.66,0.00
80,2025-03-24,https://x.com/avichayadraee/status/1904267617772200447,https://gazamaps.com/displacement/80,https://gazamaps.com/storage/displacement-maps/gaza/idf/4jGfNmrXfVRqFA5lqHVjnZ00lDYDIumX4fOmzNiF.jpg,https://gazamaps.com/storage/displacement-maps/gaza/full/RPZW0ZtMrTWxkJPAQ0wSGPjSYCD3bOtjb4cmlMBf.jpg,https://gazamaps.com/storage/displacement-maps/gaza/zoom/Wl6H8ZwodltOCSaPqFvCOGEHMPFwWI4OFVJ53hkv.jpg,"754, 755, 756, 1771, 1772, 1782, 1784, 1785",,3.44,0.00
78,2025-03-23,https://x.com/avichayadraee/status/1903696196587180347,https://gazamaps.com/displacement/78,https://gazamaps.com/storage/displacement-maps/gaza/idf/Pw1DEp3eMP7lSAO9ZUEvtX9s7bI1dKxj8Kw3l8fJ.jpg,https://gazamaps.com/storage/displacement-maps/gaza/full/5K9MGIWspk9fDvRVh3hJVQfiKK3hFOqildjIP7x7.jpg,https://gazamaps.com/storage/displacement-maps/gaza/zoom/vQ6mTVyjng2uT3Bsfihuk0nTgiIlRN8BXNQ7oION.jpg,"2364, 2366, 2367, 2368, 2369, 2370, 2371, 2372, 2373",,8.96,0.00
77,2025-03-21,https://x.com/avichayadraee/status/1903105654887186618,https://gazamaps.com/displacement/77,https://gazamaps.com/storage/displacement-maps/gaza/idf/iLgja1cZyN3FpoVmvOvD5yorgc9Uje4dRZa7P2Ox.jpg,https://gazamaps.com/storage/displacement-maps/gaza/full/FMn5TsCxpo7UQm56vW91WTFdPVZtsClI0EguTFgt.jpg,https://gazamaps.com/storage/displacement-maps/gaza/zoom/12ks8GgUzgXs50kVxaMBNGRUKQHdkxuYSs4ILViG.jpg,"974, 978, 979, 980, 982, 1742, 1743",,5.57,0.00
76,2025-03-20,https://x.com/avichayadraee/status/1902714593367019971,https://gazamaps.com/displacement/76,https://gazamaps.com/storage/displacement-maps/gaza/idf/pURZrQDe6Dr9RcynP8vB9dTKfMiYVaud6OvjmSpr.jpg,https://gazamaps.com/storage/displacement-maps/gaza/full/8YJN7qPpLVbFycPVvuPUxQqmBPkV8DiNap7Wr8vw.jpg,https://gazamaps.com/storage/displacement-maps/gaza/zoom/dmVcnQtUl4eE76vFpc7fZlO90Njke4ODLQfnvHvz.jpg,"37.1, 37.2, 38, 39, 41, 42.1, 42.2, 42.3, 220.1, 220.2, 221, 222, 2280.1",,9.99,0.00
70,2025-01-15,https://x.com/AvichayAdraee/status/1879497240701800714/photo/1,https://gazamaps.com/displacement/70,https://gazamaps.com/storage/displacement-maps/gaza/idf/CBNVfEax7N40clrjDKvi42UnOZfGM4E6qRtwpiil.jpg,https://gazamaps.com/storage/displacement-maps/gaza/full/1i2I9o87Y4RFyY9aFgq4aVDx0R7ZVupnQlUSBMg8.jpg,https://gazamaps.com/storage/displacement-maps/gaza/zoom/3dxQxDLGuHXHBtqYGDfW9R7FFHM0txVmNL6dwt4M.jpg,"760, 764, 1781, 1782, 1783, 1785, 1786, 1789, 1791, 1792, 1793, 1794, 1795, 1796, 1797, 1798, 1799, 1800, 1801, 1802, 1803, 1804, 1805, 1806, 1807, 1812, 1813, 1814, 1815, 1816, 1817, 1818, 1819, 1820",,3.03,0.00
69,2025-01-12,https://x.com/AvichayAdraee/status/1878314053887520887/photo/1,https://gazamaps.com/displacement/69,https://gazamaps.com/storage/displacement-maps/gaza/idf/Ul1eJWUtYzCar3cFhIX0kkZQRnX541tk3psj1H1X.jpg,https://gazamaps.com/storage/displacement-maps/gaza/full/IIHJtxINI4laHEd3LPaiMaa1lHb42lZwBInO8YhS.jpg,https://gazamaps.com/storage/displacement-maps/gaza/zoom/M0RQt16ENLc4so0NSGe8mCojbDMPM8KBeyN0PBe9.jpg,662,"36, 37.1, 37.2, 38, 39, 40, 41, 42.1, 42.3, 43, 44, 45, 46, 47, 48, 49, 50, 51, 52, 53, 54, 55, 56, 57, 58, 59, 60, 61, 62, 63, 64, 65, 66, 67, 86, 87, 88, 89.1, 89.2, 90, 91, 92, 93, 94, 95, 96, 97, 99, 100, 101, 102, 103, 104, 105, 106, 107, 108, 109, 110, 111, 112, 126, 127, 128.1, 128.2, 129.1, 129.2, 130.1, 130.2, 131, 132, 133, 134, 135, 136, 137, 138, 139, 140, 142, 143, 144, 145, 146, 147, 148, 149, 150, 151, 218, 219, 220.1, 2232, 2244, 2245, 2250.1, 2260.1, 2270.1, 2334, 2335, 2336, 2337, 2338, 2339, 2340, 2341, 2343, 2351, 2352, 2353, 2354, 2355, 2356",0.86,72.89
68,2025-01-01,https://x.com/AvichayAdraee/status/1874480682493489272/photo/1,https://gazamaps.com/displacement/68,https://gazamaps.com/storage/displacement-maps/gaza/idf/CO6GCutp6D0bKk7wrB0MUpWofVusP2BXawczYyAK.jpg,https://gazamaps.com/storage/displacement-maps/gaza/full/gpaLNnTkgIyxqCmyeZCzbaLp2uJPkVCyBuNpV5xI.jpg,https://gazamaps.com/storage/displacement-maps/gaza/zoom/F6wY7j5I52dNtzJQoFtvjTtm1Hd1iNxEcw9lIf4V.jpg,"761, 762, 763, 975, 982, 983",,1.81,0.00
67,2024-12-31,https://x.com/AvichayAdraee/status/1874230679648780348/photo/1,https://gazamaps.com/displacement/67,https://gazamaps.com/storage/displacement-maps/gaza/idf/K5MMP1SIz6Euu6tucbcIuKJ8dDdQz4T8a31fmNXU.jpg,https://gazamaps.com/storage/displacement-maps/gaza/full/Y3an2zIUov3GVhMZ2h5i3hNZYQUSuFWFal2GCnw8.jpg,https://gazamaps.com/storage/displacement-maps/gaza/zoom/y29T5pgIbK8XTqbZWHf9iFgvsW8TESnyROQHAxQ6.jpg,"2220, 2221, 2222, 2223","36, 37.1, 37.2, 38, 39, 40, 41, 42.1, 42.3, 43, 44, 45, 46, 47, 48, 49, 50, 51, 52, 53, 54, 55, 56, 57, 58, 59, 60, 61, 62, 63, 64, 65, 66, 67, 86, 87, 88, 89.1, 89.2, 90, 91, 92, 93, 94, 95, 96, 97, 99, 100, 101, 102, 103, 104, 105, 106, 107, 108, 109, 110, 111, 112, 126, 127, 128.1, 128.2, 129.1, 129.2, 130.1, 130.2, 131, 132, 133, 134, 135, 136, 137, 138, 139, 140, 142, 143, 144, 145, 146, 147, 148, 149, 150, 151, 218, 219, 220.1, 2232, 2250.1, 2270.1, 2334, 2335, 2336, 2337, 2338, 2339, 2340, 2341, 2351, 2352, 2353, 2354, 2355, 2356",1.23,71.07
66,2024-12-29,https://x.com/AvichayAdraee/status/1873389368125046808/photo/1,https://gazamaps.com/displacement/66,https://gazamaps.com/storage/displacement-maps/gaza/idf/DEDVVMwNvjqcm0AzUP9BVE5R7oD6lf37Ulsvq6fd.jpg,https://gazamaps.com/storage/displacement-maps/gaza/full/zI1kPR13jRL1dEwfCYbtKRDwjdPuXpv2F88B4WLL.jpg,https://gazamaps.com/storage/displacement-maps/gaza/zoom/JHcrYymBxA1bVsaaDJAClYlGF3wPRiPq8E7Dkr7n.jpg,"975, 978, 979, 980, 981, 982, 983",,5.05,0.00
65,2024-12-28,https://x.com/AvichayAdraee/status/1873019816950260170/photo/1,https://gazamaps.com/displacement/65,https://gazamaps.com/storage/displacement-maps/gaza/idf/eWEmEY2UhwTa5cA7wzEVlFtvYWtBus49TZw1EIrM.jpg,https://gazamaps.com/storage/displacement-maps/gaza/full/2tFHOE6Wsh7N2LtyikoG2fITp03jGzkyCgVqA3pd.jpg,https://gazamaps.com/storage/displacement-maps/gaza/zoom/yRp0PXXynjqsxHTFBXwp3dUze521xC9fRzFajMKP.jpg,,,0.00,0.00
64,2024-12-23,https://x.com/AvichayAdraee/status/1871167121889100128/photo/1,https://gazamaps.com/displacement/64,https://gazamaps.com/storage/displacement-maps/gaza/idf/8TTEQTU0dfKumsa1vQAMjrSQhL4YdtJcsUfcdd67.jpg,https://gazamaps.com/storage/displacement-maps/gaza/full/cO0LEis0WCJOXQ7JI8ikC5lyaMfpaOyKn05F7hGa.jpg,https://gazamaps.com/storage/displacement-maps/gaza/zoom/50kKpEeyBeCWEgjZMc0MLzlnkQ0Hs8wn1n8vh2VA.jpg,"734, 737, 888, 889, 890, 891",,0.96,0.00
63,2024-12-18,https://x.com/AvichayAdraee/status/1869320954826109368/photo/1,https://gazamaps.com/displacement/63,https://gazamaps.com/storage/displacement-maps/gaza/idf/fwTg3T3EQiNS4bNuvX5aAS0itqtsNEXjTzxC3dgt.jpg,https://gazamaps.com/storage/displacement-maps/gaza/full/pyLlxMGHP1ZXKaIhVDa9RPg8nMU5DrGDgm1GxrZO.jpg,https://gazamaps.com/storage/displacement-maps/gaza/zoom/LDKS2TYUFtXZjsKNbgR3QhESPYNLu2aobGV12l9g.jpg,"2220, 2221, 2222, 2223",,1.23,0.00
62,2024-12-14,https://x.com/AvichayAdraee/status/1867986621532099036,https://gazamaps.com/displacement/62,https://gazamaps.com/storage/displacement-maps/gaza/idf/1iunogRjISJlyAVyJuQ6aYj27ZlTpAFtyNagkOYR.jpg,https://gazamaps.com/storage/displacement-maps/gaza/full/MNGY9iq9a7ORJgeXnpQOOHixSs1taOFo5tevLtG2.jpg,https://gazamaps.com/storage/displacement-maps/gaza/zoom/75y0gD1xGfvFKS3VDDLTOtZUjkcNWlnJe6P9VZdR.jpg,"131, 2260.1, 2270.1, 2270.2, 2352, 2353, 2354","36, 37.1, 37.2, 38, 39, 40, 41, 42.1, 42.3, 43, 44, 45, 46, 47, 48, 49, 50, 51, 52, 53, 54, 55, 56, 57, 58, 59, 60, 61, 62, 63, 64, 65, 66, 67, 86, 87, 88, 89.1, 89.2, 90, 91, 92, 93, 94, 95, 96, 97, 99, 100, 101, 102, 103, 104, 105, 106, 107, 108, 109, 110, 111, 112, 126, 127, 128.1, 128.2, 129.1, 129.2, 130.1, 130.2, 132, 133, 134, 135, 136, 137, 138, 139, 140, 142, 143, 144, 145, 146, 147, 148, 149, 150, 151, 218, 219, 220.1, 2232, 2250.1, 2334, 2335, 2336, 2337, 2338, 2339, 2340, 2341, 2351, 2355, 2356",6.18,67.28
61,2024-12-13,https://x.com/AvichayAdraee/status/1867676808331899333,https://gazamaps.com/displacement/61,https://gazamaps.com/storage/displacement-maps/gaza/idf/Ii9KV5kdhiKdG0jieDYGBQzXfDJWAQzkz0wPCXU3.jpg,https://gazamaps.com/storage/displacement-maps/gaza/full/Q4ODx75rcwK2emxfK50Bs2deaiA8RR48LAcGBUSq.jpg,https://gazamaps.com/storage/displacement-maps/gaza/zoom/mQ06W8nC6GP2yAlxLcZyjtG83xmDM05dOHTgmNXa.jpg,"719, 719, 723, 723, 753, 753, 754, 754, 760, 760, 764, 764, 1781, 1781, 1782, 1782, 1783, 1783, 1785, 1785, 1786, 1786, 1789, 1789, 1791, 1791, 1792, 1792, 1793, 1793, 1794, 1794, 1795, 1795, 1796, 1796, 1797, 1797, 1798, 1798, 1799, 1799, 1800, 1800, 1801, 1801, 1802, 1802, 1803, 1803, 1804, 1804, 1805, 1805, 1806, 1806, 1807, 1807, 1812, 1812, 1813, 1813, 1814, 1814, 1815, 1815, 1816, 1816, 1817, 1817, 1818, 1818, 1819, 1819, 1820, 1820",,5.49,0.00
60,2024-12-12,https://x.com/AvichayAdraee/status/1867231466415177970,https://gazamaps.com/displacement/60,https://gazamaps.com/storage/displacement-maps/gaza/idf/n3srf0t27MZa4e2D9eK6w6I6xN2BSwbqTqN8cBwc.jpg,https://gazamaps.com/storage/displacement-maps/gaza/full/8Str1pGqqouEpsY5QXw1hjhMj3UCSGKxolmui8vS.jpg,https://gazamaps.com/storage/displacement-maps/gaza/zoom/8JqMmrFmYQiZ822CozdooPhKZYGDOkoSBpXgjCap.jpg,"687, 688, 690, 703, 783, 784",,1.82,0.00
59,2024-12-11,https://x.com/avichayadraee/status/1866772820073623970,https://gazamaps.com/displacement/59,https://gazamaps.com/storage/displacement-maps/gaza/idf/uZ0cyBJmGI8p7iVEpyBTagT9BAgXTJxETDl3Cgvp.jpg,https://gazamaps.com/storage/displacement-maps/gaza/full/1xmd4xoDgbqw4ZnKCnxBaWebdka8ZsdfYyjp8604.jpg,https://gazamaps.com/storage/displacement-maps/gaza/zoom/kTtpFL19BtMUMBxYej1ld9yrc0QtLtLNe1C0OOnu.jpg,"2232, 2244, 2245, 2340, 2343","36, 37.1, 37.2, 38, 39, 40, 41, 42.1, 42.3, 43, 44, 45, 46, 47, 48, 49, 50, 51, 52, 53, 54, 55, 56, 57, 58, 59, 60, 61, 62, 63, 64, 65, 66, 67, 86, 87, 88, 89.1, 89.2, 90, 91, 92, 93, 94, 95, 96, 97, 99, 100, 101, 102, 103, 104, 105, 106, 107, 108, 109, 110, 111, 112, 126, 127, 128.1, 128.2, 129.1, 129.2, 130.1, 130.2, 131, 132, 133, 134, 135, 136, 137, 138, 139, 140, 142, 143, 144, 145, 146, 147, 148, 149, 150, 151, 218, 219, 220.1, 2250.1, 2260.1, 2270.1, 2336, 2337, 2338, 2339, 2351, 2352, 2353, 2354, 2355, 2356",3.19,68.02
58,2024-12-02,https://x.com/AvichayAdraee/status/1863660670685941803,https://gazamaps.com/displacement/58,https://gazamaps.com/storage/displacement-maps/gaza/idf/Yjc5pcKqrIZ3uhN63m1CpqwdpSJWNem5VavuWb3R.jpg,https://gazamaps.com/storage/displacement-maps/gaza/full/urPWZnSQb7kNhp0JQodY0tM0iBrXQxomW8zALbzW.jpg,https://gazamaps.com/storage/displacement-maps/gaza/zoom/bRqXcMdmhgTbWhp6XVEvcuGx3IKnN1iC2sLWz0sX.jpg,"2270.1, 2270.2, 2352, 2353, 2354, 2355","36, 37.1, 37.2, 38, 39, 40, 41, 42.1, 42.3, 43, 44, 45, 46, 47, 48, 49, 50, 51, 52, 53, 54, 55, 56, 57, 58, 59, 60, 61, 62, 63, 64, 65, 66, 67, 86, 87, 88, 89.1, 89.2, 90, 91, 92, 93, 94, 95, 96, 97, 99, 100, 101, 102, 103, 104, 105, 106, 107, 108, 109, 110, 111, 112, 126, 127, 128.1, 128.2, 129.1, 129.2, 130.1, 130.2, 131, 132, 133, 134, 135, 136, 137, 138, 139, 140, 142, 143, 144, 145, 146, 147, 148, 149, 150, 151, 218, 219, 220.1, 2232, 2250.1, 2260.1, 2260.1, 2336, 2337, 2338, 2339, 2351, 2356",4.85,66.22
57,2024-11-23,https://x.com/AvichayAdraee/status/1860360245123399904,https://gazamaps.com/displacement/57,https://gazamaps.com/storage/displacement-maps/gaza/idf/F2H228qQyD86hePEHa1sB1HMEvkTic7c0pqyKsCH.jpg,https://gazamaps.com/storage/displacement-maps/gaza/full/x4VpDTgnfzV4JDndg7cGUuARSgJYXqiRUTh7OUVw.jpg,https://gazamaps.com/storage/displacement-maps/gaza/zoom/eU4I5h0l4VFVJymZBa9K7oi72Xb6i0KW1wZPmrNm.jpg,"634, 731, 732, 733",,1.86,0.00
55,2024-11-07,https://x.com/AvichayAdraee/status/1854518006581199092/photo/1,https://gazamaps.com/displacement/55,https://gazamaps.com/storage/displacement-maps/gaza/idf/dCSUX4hZg7gM028hLQaq3VXKOkVesOcFoJkyusZR.jpg,https://gazamaps.com/storage/displacement-maps/gaza/full/evdRuQdGgYmqrWYuzeOphAOp6CFANaUT0HZ55fmS.jpg,https://gazamaps.com/storage/displacement-maps/gaza/zoom/BUxeJRYnQ8ekBPRvF3XaX89inK7p8NNHdZ3S6lul.jpg,"762, 763, 766, 767, 768, 769, 770, 771, 980, 981, 982, 983",,3.78,0.00
54,2024-10-26,https://x.com/AvichayAdraee/status/1850132629703585913,https://gazamaps.com/displacement/54,https://gazamaps.com/storage/displacement-maps/gaza/idf/bThd0F0sQcvTHz62YdlLNn3qORKZ7JkcatHwRWGA.jpg,https://gazamaps.com/storage/displacement-maps/gaza/full/7sjKaY3FnH2FBaUXtQjLZHdQgtYfzA4uJDJ63H8o.jpg,https://gazamaps.com/storage/displacement-maps/gaza/zoom/c7wcx7GidPEtcuwNvidstEzU2fvwIEboAZGnonhn.jpg,,"36, 37.1, 37.2, 38, 39, 40, 41, 42.1, 43, 44, 45, 46, 47, 48, 49, 50, 51, 54, 55, 56, 57, 58, 59, 60, 61, 62, 63, 64, 65, 66, 67, 86, 87, 88, 89.1, 89.2, 90, 91, 92, 93, 94, 95, 96, 97, 99, 100, 101, 102, 103, 104, 105, 106, 107, 108, 109, 110, 111, 112, 126, 127, 128.1, 128.2, 129.1, 129.2, 130.1, 130.2, 131, 132, 133, 134, 135, 136, 137, 138, 139, 140, 142, 143, 144, 145, 146, 147, 148, 149, 150, 151, 2232, 2250.1, 2260.1, 2270.1, 2336, 2337, 2338, 2339, 2351, 2352, 2353, 2354, 2355, 2356",0.00,67.34
53,2024-10-12,https://x.com/AvichayAdraee/status/1844966449091100695,https://gazamaps.com/displacement/53,https://gazamaps.com/storage/displacement-maps/gaza/idf/4dhy0nH65pz1NVpnApu0GSwAhFwqojQs1iHv4T0Z.jpg,https://gazamaps.com/storage/displacement-maps/gaza/full/7366wFCauoXIdPC5mruRfrDKxrx5Jl13jbtK25H1.jpg,https://gazamaps.com/storage/displacement-maps/gaza/zoom/2o7p8QVB2BaEJx7JKAZi2br0JsIGh9z1AN9wU4AL.jpg,"760, 764, 1781, 1782, 1783, 1785, 1786, 1789, 1791, 1792, 1793, 1794, 1795, 1796, 1797, 1798, 1799, 1800, 1801, 1802, 1803, 1804, 1805, 1806, 1807, 1812, 1813, 1814, 1815, 1816, 1817, 1818, 1819, 1820",,3.03,0.00
51,2024-10-07,https://x.com/AvichayAdraee/status/1843232028302721501,https://gazamaps.com/displacement/51,https://gazamaps.com/storage/displacement-maps/gaza/idf/wCEctTUvQC68L2KPEp3w7LpTlg4xuCj0ZeJyTFlV.jpg,https://gazamaps.com/storage/displacement-maps/gaza/full/4y4qPECvJwMB0u26tRDYybSrxGkwwtvZSeT2Mf7J.jpg,https://gazamaps.com/storage/displacement-maps/gaza/zoom/YHnu3FKnL5RW2jPwq15EAaeqzMs0dceivxbp0iDO.jpg,"41, 42.1, 42.2, 42.3, 44, 45, 50, 51, 52, 53, 54, 55, 57, 58, 215, 216, 217, 218, 219, 220.1, 220.2, 221, 223","36, 37.1, 38, 40, 43, 46, 47, 48, 49, 56, 59, 60, 61, 62, 63, 64, 65, 66, 67, 86, 87, 88, 89.1, 89.2, 90, 91, 92, 93, 94, 95, 96, 97, 99, 100, 101, 102, 103, 104, 105, 106, 107, 108, 109, 110, 111, 112, 128.1, 128.2, 129.1, 129.2, 130.1, 130.2, 132, 133, 134, 135, 136, 137, 138, 139, 140, 142, 143, 144, 145, 146, 147, 148, 149, 150, 151, 2336, 2337, 2338, 2339, 2351, 2352, 2353, 2354, 2355, 2356",9.34,55.30
56,2024-10-07,https://x.com/AvichayAdraee/status/1843215402358178136,https://gazamaps.com/displacement/56,https://gazamaps.com/storage/displacement-maps/gaza/idf/ATwjs2Dbk9Khh2S4PKVUgUdv04ZyKDwdVnaQJFJk.jpg,https://gazamaps.com/storage/displacement-maps/gaza/full/ENNmlGNO05C9R5l1GPVu2VFg25rV6T2bppfoN3GA.jpg,https://gazamaps.com/storage/displacement-maps/gaza/zoom/vt6grJn6RNR8n9hb8N2lqxPCBZ4qkdpeqhdz0FPR.jpg,,,0.00,0.00
50,2024-10-06,https://x.com/AvichayAdraee/status/1842791821409149136,https://gazamaps.com/displacement/50,https://gazamaps.com/storage/displacement-maps/gaza/idf/NGQK7uE2KDvN1ZbqqBZaY2jMGyG9jDU9PQZx1UcV.jpg,https://gazamaps.com/storage/displacement-maps/gaza/full/m4NC5suOy4knDaiQCEuFpF33Z4mOAVqXIFAniATt.jpg,https://gazamaps.com/storage/displacement-maps/gaza/zoom/zB9tFRVz5bynMkwJgR8XZTyltn46wb7yR3YpAnwA.jpg,,"36, 37.1, 38, 40, 41, 43, 44, 46, 47, 48, 49, 56, 59, 60, 61, 62, 63, 64, 65, 66, 67, 86, 87, 88, 89.1, 89.2, 90, 91, 92, 93, 94, 95, 96, 97, 99, 100, 101, 102, 103, 104, 105, 106, 107, 108, 109, 110, 111, 112, 128.1, 128.2, 129.1, 129.2, 130.1, 130.2, 132, 133, 134, 135, 136, 137, 138, 139, 140, 142, 143, 144, 145, 146, 147, 148, 149, 150, 151, 2336, 2337, 2338, 2339, 2351, 2352, 2353, 2354, 2355, 2356",0.00,56.84
104,2024-10-06,https://x.com/AvichayAdraee/status/1842791821409149136,https://gazamaps.com/displacement/104,https://gazamaps.com/storage/displacement-maps/gaza/idf/SCWIOwsoWH6uP6ysa22aWrZksRyzDYUzDlF9W4bj.jpg,https://gazamaps.com/storage/displacement-maps/gaza/full/5eXZMPeBbYk0UDFUITrNRrvDfSg3U1zIsQg4iozc.jpg,https://gazamaps.com/storage/displacement-maps/gaza/zoom/kEChn5TbVJuDZE4T82qg0MuRhTTjpc6mmOHDpBci.jpg,,,0.00,0.00
49,2024-10-05,https://x.com/AvichayAdraee/status/1842472123413000417,https://gazamaps.com/displacement/49,https://gazamaps.com/storage/displacement-maps/gaza/idf/ZYCvdy2fDmv1XQadXeqa6XFnbhTv1RvzyILR4bjv.jpg,https://gazamaps.com/storage/displacement-maps/gaza/full/2RzSo9MA4BUW65y32p5Y7qxmmXH3bwzS66gr4oDc.jpg,https://gazamaps.com/storage/displacement-maps/gaza/zoom/MDbYfLhMR1h0Vq3wqpyi2MeaQ5JEETxeYbivOsku.jpg,"660, 664, 665, 666, 2210, 2220, 2221, 2314, 2315, 2316, 2322","36, 40, 43, 46, 47, 63, 64, 88, 89.1, 89.2, 90, 91, 92, 93, 94, 95, 96, 97, 99, 100, 106, 107, 108, 109, 110, 111, 112, 128.1, 128.2, 129.1, 129.2, 130.1, 130.2, 132, 133, 134, 135, 136, 137, 138, 139, 140, 142, 143, 144, 145, 146, 147, 148, 149, 150, 151, 2336, 2337, 2338, 2339, 2351, 2356",7.50,46.65
47,2024-09-14,https://x.com/AvichayAdraee/status/1834940180823707885,https://gazamaps.com/displacement/47,https://gazamaps.com/storage/displacement-maps/gaza/idf/v0tOpSb6Y2bn72RZCLwFwI4IfK3DiHin6E97UU5e.jpg,https://gazamaps.com/storage/displacement-maps/gaza/full/dVUHk1SZoqap9SWB1LMJDBeX20fz2FyYPJAN2UtR.jpg,https://gazamaps.com/storage/displacement-maps/gaza/zoom/r7BAPMljk2aPhYqCmqu7XJ6cPliOkwvb2Tb9sIhF.jpg,"1765, 1767, 1769, 1770, 1778",,1.98,0.00
46,2024-09-09,https://x.com/AvichayAdraee/status/1833079119011078357,https://gazamaps.com/displacement/46,https://gazamaps.com/storage/displacement-maps/gaza/idf/zi3vlNFigQyNY7LmlcbMuSgfnNHTgtXTJX5RzYdc.jpg,https://gazamaps.com/storage/displacement-maps/gaza/full/xp4Tg6Ul4gxX8D0gn2JeUvD7ASWaskcAS9T9mEPO.jpg,https://gazamaps.com/storage/displacement-maps/gaza/zoom/sUTWxniloJV8JlQNN18Fy6SEYfWSA0jhwXBbBVyR.jpg,"973, 974, 978, 979, 984, 1738, 1739, 1742, 1743",,4.77,0.00
45,2024-08-30,https://x.com/AvichayAdraee/status/1829447461598822613,https://gazamaps.com/displacement/45,https://gazamaps.com/storage/displacement-maps/gaza/idf/17bVuInXxEar8tCZoe42q1B3CMOYgVDzJn0266w5.jpg,https://gazamaps.com/storage/displacement-maps/gaza/full/Yz6ByArv3XgDWTkxLq99wGCsS82jtMC3RMh0uk3M.jpg,https://gazamaps.com/storage/displacement-maps/gaza/zoom/QPwf7pVMWjqKcJfDeQJJEbatD0O8uNfUGODloTR1.jpg,,"36, 40, 43, 46, 47, 63, 64, 88, 89.1, 89.2, 90, 91, 92, 93, 94, 95, 96, 97, 99, 100, 106, 107, 108, 109, 110, 111, 112, 128.1, 128.2, 129.1, 129.2, 130.1, 130.2, 132, 133, 134, 135, 136, 137, 138, 139, 140, 142, 143, 144, 145, 146, 147, 148, 149, 150, 151, 2336, 2337, 2338, 2339, 2351, 2356",0.00,46.65
43,2024-08-29,https://x.com/AvichayAdraee/status/1829115649714487673/photo/1,https://gazamaps.com/displacement/43,https://gazamaps.com/storage/displacement-maps/gaza/idf/3x3dXfFj3OTiCc6neqddZs6jGClZogKfkbFLEhgs.jpg,https://gazamaps.com/storage/displacement-maps/gaza/full/v87yMCEBWrgKth1uHMw4woU2cwwKrTdll9D6XNS3.jpg,https://gazamaps.com/storage/displacement-maps/gaza/zoom/ZgnRAbG5BHOOO7ZS0V0Hh1PmqhLzDVb9HOTNKTm2.jpg,,"40, 43, 46, 47, 63, 64, 88, 89.1, 90, 91, 92, 93, 94, 95, 96, 97, 99, 100, 106, 107, 108, 109, 110, 111, 112, 128.1, 128.2, 129.1, 129.2, 130.1, 130.2, 132, 133, 134, 135, 136, 137, 138, 139, 140, 142, 143, 144, 145, 146, 147, 148, 149, 150, 151, 2336, 2337, 2338, 2339, 2351",0.00,41.05
39,2024-08-25,https://x.com/AvichayAdraee/status/1827715577940750418/photo/1,https://gazamaps.com/displacement/39,https://gazamaps.com/storage/displacement-maps/gaza/idf/qU3uKp3NVutwS0M4Upb9OT6KtordfI4X0Cgpx454.jpg,https://gazamaps.com/storage/displacement-maps/gaza/full/wzzAtHtv47CnjXeikCO9VtCw3TauwCOtHapvK8hh.jpg,https://gazamaps.com/storage/displacement-maps/gaza/zoom/Gg9gn1kj8GNvP4MbiUbgydNSza5W7d6tmJw6ZeSP.jpg,128.2,"40, 43, 46, 47, 63, 64, 88, 89.1, 90, 91, 92, 93, 94, 95, 96, 97, 99, 100, 106, 107, 108, 109, 110, 111, 112, 128.1, 129.1, 129.2, 130.1, 130.2, 132, 133, 134, 135, 136, 137, 138, 139, 140, 142, 143, 144, 145, 146, 147, 148, 149, 150, 151, 2336, 2337, 2338, 2339, 2351",0.37,40.68
38,2024-08-24,https://x.com/AvichayAdraee/status/1827292746140299572/photo/1,https://gazamaps.com/displacement/38,https://gazamaps.com/storage/displacement-maps/gaza/idf/vZbN78JUXYys9DUC9qVK0A4VdglMEsUOLnVQRaAp.jpg,https://gazamaps.com/storage/displacement-maps/gaza/full/QySmxLjOLJjqMzTCrt0qiBuiIcyaDS2eS9E7Uook.jpg,https://gazamaps.com/storage/displacement-maps/gaza/zoom/OxRyxgZ57ecv8yYQyOAX0LscHk3LvvWgvgL8AgME.jpg,"125, 126, 2231.1, 2232","40, 43, 46, 47, 63, 64, 88, 89.1, 90, 91, 92, 93, 94, 95, 96, 97, 99, 100, 106, 107, 108, 109, 110, 111, 112, 128.1, 128.2, 129.1, 129.2, 130.1, 130.2, 132, 133, 134, 135, 136, 137, 138, 139, 140, 142, 143, 144, 145, 146, 147, 148, 149, 150, 151, 2336, 2337, 2338, 2339, 2351",4.43,41.05
37,2024-08-23,https://x.com/AvichayAdraee/status/1827008641142051224/photo/1,https://gazamaps.com/displacement/37,https://gazamaps.com/storage/displacement-maps/gaza/idf/TmZdKZNjTLayhD3S8SIFp0pkpdNhnzHKqdF0sneS.jpg,https://gazamaps.com/storage/displacement-maps/gaza/full/pIPsjFShQjj9BwPdsGXCzDK9LRrYQ2BiDxNI1i0g.jpg,https://gazamaps.com/storage/displacement-maps/gaza/zoom/eEwncZYln4tm11wuIfwADaTMWEgZ5m41TnwfIMhE.jpg,"967, 968, 969, 970, 971, 1738, 1739, 1740, 1746.1, 1751",,1.44,0.00
36,2024-08-22,https://x.com/AvichayAdraee/status/1826624508616442023/photo/1,https://gazamaps.com/displacement/36,https://gazamaps.com/storage/displacement-maps/gaza/idf/FDvrckv6zhrlRyezMWB7KbniaLqSb0zLUC3riysv.jpg,https://gazamaps.com/storage/displacement-maps/gaza/full/enEnCFPV35nWWgN5Rm2DatWFM4WJUkUXJLaBRCBc.jpg,https://gazamaps.com/storage/displacement-maps/gaza/zoom/SUgGwm9Ogjgqw3dutCUhJcWv7vwGq6GYteI1ywKV.jpg,"41, 42.1, 42.2, 42.3, 44, 45, 48, 49, 50, 51, 52, 53, 54, 55, 104, 105, 218, 219, 220.1, 220.2, 221","40, 43, 46, 47, 63, 64, 88, 89.1, 90, 91, 92, 93, 94, 95, 96, 97, 99, 100, 106, 107, 108, 109, 110, 111, 112, 128.1, 128.2, 129.1, 129.2, 130.1, 130.2, 132, 133, 134, 135, 136, 137, 138, 139, 140, 142, 143, 144, 145, 146, 147, 148, 149, 150, 151, 2336, 2337, 2338, 2339, 2351",7.25,41.05
35,2024-08-21,https://x.com/AvichayAdraee/status/1826183693787947512/photo/1,https://gazamaps.com/displacement/35,https://gazamaps.com/storage/displacement-maps/gaza/idf/oI5162l36g4NcduM6bY17l94ldL2icfQTUpIlmnQ.jpg,https://gazamaps.com/storage/displacement-maps/gaza/full/AYSCQnTSDHSQEpRd2nkhUZACaPELYMMZhE3lYt0s.jpg,https://gazamaps.com/storage/displacement-maps/gaza/zoom/Kd3V6afcwx4OjBDIUMN0Z4Cvv3s7WJbjDmOpqLrg.jpg,"129.2, 130.2","40, 43, 46, 47, 63, 64, 88, 89.1, 90, 91, 92, 93, 94, 95, 96, 97, 99, 100, 107, 108, 109, 110, 111, 112, 128.1, 128.2, 129.1, 130.1, 132, 133, 134, 135, 136, 137, 138, 139, 140, 142, 143, 144, 145, 146, 147, 148, 149, 150, 151, 2336, 2337, 2338, 2339, 2351",0.65,40.36
34,2024-08-17,https://x.com/AvichayAdraee/status/1824684279055401245/photo/1,https://gazamaps.com/displacement/34,https://gazamaps.com/storage/displacement-maps/gaza/idf/HUSSlb5d9m0FzRXLd52bZPG1eljVE2oPgk97ISka.jpg,https://gazamaps.com/storage/displacement-maps/gaza/full/gQZGTsy9Ts7MsnTWNpQnZCXkKXEE2KEsubiZI2H6.jpg,https://gazamaps.com/storage/displacement-maps/gaza/zoom/63rhrVxEJV9b1M8kFloqwp6YsAGAUnsrDIcyGJ9b.jpg,"2232, 2240, 2241, 2242, 2243, 2244, 2245, 2340, 2343","40, 43, 46, 47, 63, 64, 88, 89.1, 90, 91, 92, 93, 94, 95, 96, 97, 99, 100, 107, 108, 109, 110, 111, 112, 128.1, 128.2, 129.1, 129.2, 130.1, 130.2, 132, 133, 134, 135, 136, 137, 138, 139, 140, 142, 143, 144, 145, 146, 147, 148, 149, 150, 151, 2336, 2337, 2338, 2339, 2351",3.82,41.01
30,2024-08-16,https://x.com/AvichayAdraee/status/1824341497811980409/photo/1,https://gazamaps.com/displacement/30,https://gazamaps.com/storage/displacement-maps/gaza/idf/uBVXKFjykdnhnaVK7WZj57vRD42MsN3586FfuFQa.jpg,https://gazamaps.com/storage/displacement-maps/gaza/full/1sXfuIuVA715iT1lmZAx7aO1bjtLsmIlrFezE2CL.jpg,https://gazamaps.com/storage/displacement-maps/gaza/zoom/UMivu4wLAn08NHne6Znw08ciJtlumHg5jjsoARYd.jpg,"36, 89.2, 125, 126, 127, 2356","40, 43, 46, 47, 63, 64, 88, 89.1, 90, 91, 92, 93, 94, 95, 96, 97, 99, 100, 107, 108, 109, 110, 111, 112, 128.1, 128.2, 129.1, 129.2, 130.1, 130.2, 132, 133, 134, 135, 136, 137, 138, 139, 140, 142, 143, 144, 145, 146, 147, 148, 149, 150, 151, 2336, 2337, 2338, 2339, 2351",8.41,41.01
33,2024-08-16,https://x.com/AvichayAdraee/status/1824477104668295461/photo/1,https://gazamaps.com/displacement/33,https://gazamaps.com/storage/displacement-maps/gaza/idf/QIj7jxnbOLiHcKJjh59YhcNn1iGe6qqeb4O3RtUe.jpg,https://gazamaps.com/storage/displacement-maps/gaza/full/SgYbMvHPLFwtiOWiIAX69WQocQgwu23fIutYZChe.jpg,https://gazamaps.com/storage/displacement-maps/gaza/zoom/TVs9s6sUvlCx55nOLPfjUoEWv3OFAjJoSRaiN9sn.jpg,"577, 578, 1762, 1763, 1764, 1765, 1766, 1767, 1768, 1769, 1770, 1774, 1778","40, 43, 46, 47, 63, 64, 88, 89.1, 90, 91, 92, 93, 94, 95, 96, 97, 99, 100, 107, 108, 109, 110, 111, 112, 128.1, 128.2, 129.1, 129.2, 130.1, 130.2, 132, 133, 134, 135, 136, 137, 138, 139, 140, 142, 143, 144, 145, 146, 147, 148, 149, 150, 151, 2336, 2337, 2338, 2339, 2351",5.59,41.01
29,2024-08-15,https://x.com/AvichayAdraee/status/1823989077600833709/photo/1,https://gazamaps.com/displacement/29,https://gazamaps.com/storage/displacement-maps/gaza/idf/cOOdMDt4DSs5b4raR5v3XKCp9Koticy2CT5B0bc8.jpg,https://gazamaps.com/storage/displacement-maps/gaza/full/1wrj0Sg4ZZiCoHbkjWXAUUN0FA0KSmVlF7dkDcM9.jpg,https://gazamaps.com/storage/displacement-maps/gaza/zoom/t3BoXMU3B9WLidOGVZrduvE2cEERDxtJ3eBxsWw9.jpg,"38, 39, 41, 42.1, 42.2, 42.3","36, 40, 43, 46, 47, 63, 64, 88, 89.1, 89.2, 90, 91, 92, 93, 94, 95, 96, 97, 99, 100, 106, 107, 108, 109, 110, 111, 112, 128.1, 128.2, 129.1, 129.2, 130.1, 130.2, 132, 133, 134, 135, 136, 137, 138, 139, 140, 142, 143, 144, 145, 146, 147, 148, 149, 150, 151, 2336, 2337, 2338, 2339, 2351, 2356",3.60,46.65
28,2024-08-13,https://x.com/AvichayAdraee/status/1823402523178180950/photo/1,https://gazamaps.com/displacement/28,https://gazamaps.com/storage/displacement-maps/gaza/idf/8eax52nkOrZWUZI6fWbfeNBAY3Gu0xCIq6RcqE8X.jpg,https://gazamaps.com/storage/displacement-maps/gaza/full/fHpKoG5d7SYAbt461Ifp7DNnlNX8y4pEKnbkWYpq.jpg,https://gazamaps.com/storage/displacement-maps/gaza/zoom/5m48jakvbMkod805cQDuPGx8QSm7IOVcIL0ozioF.jpg,"45, 50, 219, 220.1, 220.2","40, 43, 46, 47, 63, 64, 88, 89.1, 89.2, 90, 91, 92, 93, 94, 95, 96, 97, 99, 100, 106, 107, 108, 109, 110, 111, 112, 128.1, 128.2, 129.1, 129.2, 130.1, 130.2, 132, 133, 134, 135, 136, 137, 138, 139, 140, 142, 143, 144, 145, 146, 147, 148, 149, 150, 151, 2336, 2337, 2338, 2339, 2351, 2356",1.82,45.81
27,2024-08-11,https://x.com/AvichayAdraee/status/1822492670981259665/photo/1,https://gazamaps.com/displacement/27,https://gazamaps.com/storage/displacement-maps/gaza/idf/egRc7HNOPKWL47w6m5FUC3s98XJflZP5NaJ88bev.jpg,https://gazamaps.com/storage/displacement-maps/gaza/full/nMdocWSUPSJuruaGgrgT1PPBo0CVFB78BEoe1rYV.jpg,https://gazamaps.com/storage/displacement-maps/gaza/zoom/Cu8bKNdXQ55aRnngMYTyrQcVhlrFPbjW885adxSJ.jpg,36,"40, 43, 46, 47, 63, 64, 88, 89.1, 89.2, 90, 91, 92, 93, 94, 95, 96, 97, 99, 100, 106, 107, 108, 109, 110, 111, 112, 128.1, 128.2, 129.1, 129.2, 130.1, 130.2, 132, 133, 134, 135, 136, 137, 138, 139, 140, 142, 143, 144, 145, 146, 147, 148, 149, 150, 151, 2336, 2337, 2338, 2339, 2351, 2356",0.83,45.81
26,2024-08-10,https://x.com/AvichayAdraee/status/1822375599777927388/photo/1,https://gazamaps.com/displacement/26,https://gazamaps.com/storage/displacement-maps/gaza/idf/AZMswjyXdlt7Q6eV2UdIS1YSEwKqoLpVWNB626Uq.jpg,https://gazamaps.com/storage/displacement-maps/gaza/full/fus3t5wFQzs3JTdB1vBESVLYmvD7poALWrLKJm5q.jpg,https://gazamaps.com/storage/displacement-maps/gaza/zoom/miNH7qcHuwUkjfDtwArVGQroMXN4D8QrxgtrHkDu.jpg,"53, 54, 55, 103, 104, 105","36, 40, 43, 46, 47, 63, 64, 88, 89.1, 89.2, 90, 91, 92, 93, 94, 95, 96, 97, 99, 100, 101, 102, 106, 107, 108, 109, 110, 111, 112, 128.1, 128.2, 129.1, 129.2, 130.1, 130.2, 132, 133, 134, 135, 136, 137, 138, 139, 140, 142, 143, 144, 145, 146, 147, 148, 149, 150, 151, 2336, 2337, 2338, 2339, 2351, 2356",1.41,46.72
20,2024-08-08,https://x.com/AvichayAdraee/status/1821501809824854077/photo/1,https://gazamaps.com/displacement/20,https://gazamaps.com/storage/displacement-maps/gaza/idf/00QR7m25XQ5jXu8UOmDNNTgSHltnBrLQVaIUNiah.jpg,https://gazamaps.com/storage/displacement-maps/gaza/full/IAbCxCml9nJdvRhzKsBIBBBNKIQ8f3m3qIUhmEJq.jpg,https://gazamaps.com/storage/displacement-maps/gaza/zoom/tZDH7VyJ067MsLWGZ7vKGJodJGg5o0ol27ifUYv5.jpg,"37.1, 37.2, 38, 39, 41, 42.1, 42.2, 42.3, 44, 45, 48, 49, 50, 51, 52, 131, 215, 216, 217, 218, 219, 220.1, 220.2, 221, 222, 223, 224, 231, 232, 233, 234, 235, 236, 243, 244, 253, 254, 2250.1, 2250.2, 2260.1, 2260.2, 2260.3, 2270.1, 2270.2, 2270.3, 2280.1, 2280.2, 2352, 2353, 2354, 2355","36, 40, 43, 46, 47, 63, 64, 88, 89.1, 89.2, 90, 91, 92, 93, 94, 95, 96, 97, 99, 100, 106, 107, 108, 109, 110, 111, 112, 128.1, 128.2, 129.1, 129.2, 130.1, 130.2, 132, 133, 134, 135, 136, 137, 138, 139, 140, 142, 143, 144, 145, 146, 147, 148, 149, 150, 151, 2336, 2337, 2338, 2339, 2351, 2356",37.10,46.65
22,2024-08-06,https://x.com/AvichayAdraee/status/1820937154052178005/photo/1,https://gazamaps.com/displacement/22,https://gazamaps.com/storage/displacement-maps/gaza/idf/2Xipc2Z0P636XwPadc6jjHeHBsMQFsvi2TvWGi53.jpg,https://gazamaps.com/storage/displacement-maps/gaza/full/wW3XT4CMkgDD6ruAsxVtpWhCj9HWbdNlouvmpcXl.jpg,https://gazamaps.com/storage/displacement-maps/gaza/zoom/q5C6bdA07D98y2RnUOMkhmaM5s9OHFD9Q0dEiJm3.jpg,"22, 32, 33, 34, 53, 54, 55, 56, 57, 58, 59, 60, 61, 62, 65, 66, 67, 69, 70, 78, 81, 83, 84, 85, 86, 87, 101, 102, 103, 104","36, 40, 43, 46, 47, 63, 64, 88, 89.1, 89.2, 90, 91, 92, 93, 94, 95, 96, 97, 99, 100, 106, 107, 108, 109, 110, 111, 112, 128.1, 128.2, 129.1, 129.2, 130.1, 130.2, 132, 133, 134, 135, 136, 137, 138, 139, 140, 142, 143, 144, 145, 146, 147, 148, 149, 150, 151, 2336, 2337, 2338, 2339, 2351, 2356",13.93,46.65
23,2024-08-05,https://x.com/AvichayAdraee/status/1820426898121392226/photo/1,https://gazamaps.com/displacement/23,https://gazamaps.com/storage/displacement-maps/gaza/idf/uladUG2EqwmKSQ38IYYcEVTXVAidsl1xJJjTdooZ.jpg,https://gazamaps.com/storage/displacement-maps/gaza/full/FjhilSarNBD1MJ5tCfaRMwXZ9MpH2ZJOOKVXolfW.jpg,https://gazamaps.com/storage/displacement-maps/gaza/zoom/8uBaWBGjHPvcuBLTVzD3CuMdOVs0BOaTsNzdNOXb.jpg,"577, 578, 1762, 1763, 1764, 1765, 1766, 1767, 1768, 1769, 1770, 1774, 1778","36, 40, 43, 46, 47, 63, 64, 88, 89.1, 89.2, 90, 91, 92, 93, 94, 95, 96, 97, 99, 100, 106, 107, 108, 109, 110, 111, 112, 128.1, 128.2, 129.1, 129.2, 130.1, 130.2, 132, 133, 134, 135, 136, 137, 138, 139, 140, 142, 143, 144, 145, 146, 147, 148, 149, 150, 151, 2336, 2337, 2338, 2339, 2351, 2356",5.59,46.65
24,2024-08-04,https://x.com/AvichayAdraee/status/1820087158113239487/photo/1,https://gazamaps.com/displacement/24,https://gazamaps.com/storage/displacement-maps/gaza/idf/xnToWGuQmOyvVHgJi0dapNh7McUgobc8pMV2pnCX.jpg,https://gazamaps.com/storage/displacement-maps/gaza/full/jpn8K9poIykHH4Kjk0EopGzQHF3UG09XpGZjVniW.jpg,https://gazamaps.com/storage/displacement-maps/gaza/zoom/oqjyOTcob2BZ6mI4VIdMNgEMfIPDEpYrGh8FLn2R.jpg,"21, 22, 30, 32, 33, 34, 35, 53, 58, 65, 66, 70, 78, 79, 80, 81, 82, 83, 84, 85, 86, 87, 2374, 2375","36, 40, 43, 46, 47, 63, 64, 88, 89.1, 89.2, 90, 91, 92, 93, 94, 95, 96, 97, 99, 100, 106, 107, 108, 109, 110, 111, 112, 128.1, 128.2, 129.1, 129.2, 130.1, 130.2, 132, 133, 134, 135, 136, 137, 138, 139, 140, 142, 143, 144, 145, 146, 147, 148, 149, 150, 151, 2336, 2337, 2338, 2339, 2351, 2356",18.00,46.65
25,2024-07-27,https://x.com/AvichayAdraee/status/1817066755501572406,https://gazamaps.com/displacement/25,https://gazamaps.com/storage/displacement-maps/gaza/idf/0lAgxZ0uhfmy3dYF1VWdgY8lZncAIbEnoBlPC8ho.jpg,https://gazamaps.com/storage/displacement-maps/gaza/full/0kqLdQVFS9wKWWfLa8Kx051Ta8WmWFd62IGRoHU9.jpg,https://gazamaps.com/storage/displacement-maps/gaza/zoom/IJJvVq0IpY92OOx1ypm8CEDdcRhY0ZpJ0GPo0E4C.jpg,"21, 22, 30, 32, 33, 34, 35, 65, 66, 70, 73, 77, 78, 79, 80, 81, 82, 83, 84, 85, 86, 87, 2371, 2372, 2373, 2374, 2375","36, 40, 43, 46, 47, 63, 64, 88, 89.1, 89.2, 90, 91, 92, 93, 94, 95, 96, 97, 99, 100, 106, 107, 108, 109, 110, 111, 112, 128.1, 128.2, 129.1, 129.2, 130.1, 130.2, 132, 133, 134, 135, 136, 137, 138, 139, 140, 142, 143, 144, 145, 146, 147, 148, 149, 150, 151, 2336, 2337, 2338, 2339, 2351, 2356",23.61,46.65
19,2024-07-22,https://x.com/AvichayAdraee/status/1815247774117433358,https://gazamaps.com/displacement/19,https://gazamaps.com/storage/displacement-maps/gaza/idf/srlrMPjOjTrYbhz3IM9Ve3OUk5GVOpu9883BStkP.jpg,https://gazamaps.com/storage/displacement-maps/gaza/full/ma7Mv76DYbhwWI7Q0KTsIVpQaqOpIdC0bgHBRnLU.jpg,https://gazamaps.com/storage/displacement-maps/gaza/zoom/bNipsgec4WC68RXE9bJ8mYI1AnO2dbkaYBI2VUyF.jpg,"37.1, 37.2, 38, 39, 41, 42.1, 42.2, 42.3, 44, 45, 48, 49, 50, 51, 52, 53, 54, 55, 56, 57, 58, 59, 60, 61, 62, 67, 68, 69, 71, 74, 101, 102, 103, 104, 105, 114, 115, 116, 117, 118, 121, 122, 123, 124, 212, 213, 214, 215, 216, 217, 218, 219, 220.1, 220.2, 221, 222, 223, 224, 225, 231, 232, 233, 234, 235, 236, 237, 238, 239, 240, 241, 242, 243, 244, 245, 246, 247, 248, 249, 250, 251, 252, 253, 254, 255, 256, 2270.1, 2270.2, 2270.3, 2280.1, 2280.2, 2352, 2353, 2354, 2355","36, 40, 43, 46, 47, 63, 64, 65, 66, 86, 87, 88, 89.1, 89.2, 90, 91, 92, 93, 94, 95, 96, 97, 99, 100, 106, 107, 108, 109, 110, 111, 112, 128.1, 128.2, 129.1, 129.2, 130.1, 130.2, 132, 133, 134, 135, 136, 137, 138, 139, 140, 142, 143, 144, 145, 146, 147, 148, 149, 150, 151, 2336, 2337, 2338, 2339, 2351, 2356",50.90,50.08
1,2024-07-08,https://x.com/AvichayAdraee/status/1810265410475823110,https://gazamaps.com/displacement/1,https://gazamaps.com/storage/displacement-maps/gaza/idf/G8KZksbkuOFtifgo7l5vtY9FsXBX7Esxu3WEV9ET.jpg,,,"660, 661, 662, 664, 666, 687, 688, 690, 693, 702, 703, 704, 705, 706, 724, 725, 777, 783, 784, 835, 973, 2210, 2220, 2221, 2222, 2223, 2224, 2225, 2230, 2315, 2316, 2317, 2322, 2348",,16.58,0.00
2,2024-07-07,https://x.com/AvichayAdraee/status/1809963484022518268,https://gazamaps.com/displacement/2,https://gazamaps.com/storage/displacement-maps/gaza/idf/ED1Gxy5eLF7lmBMf4glgrcplHHoerKc25vF41PaP.jpg,,,"604, 605, 606, 608, 609",,0.64,0.00
3,2024-07-01,https://x.com/AvichayAdraee/status/1807792175859536181,https://gazamaps.com/displacement/3,https://gazamaps.com/storage/displacement-maps/gaza/idf/q6zDB7RB8XIeSHlZ4Jw0bqyLnB1UlLQA8tFYrNcE.jpg,,,"42.2, 42.3, 52, 53, 68, 69, 70, 71, 72, 73, 74, 75, 76, 77, 78, 79, 80, 81, 82, 83, 84, 114, 115, 116, 117, 118, 121, 122, 123, 124, 212, 213, 214, 215, 216, 217, 218, 219, 220.1, 220.2, 221, 222, 223, 224, 225, 231, 232, 233, 234, 235, 236, 237, 238, 239, 240, 241, 242, 243, 244, 245, 246, 247, 248, 249, 250, 251, 252, 253, 254, 255, 256, 260.1, 260.2, 270.1, 270.2, 321, 607, 617, 2270.1, 2270.2, 2270.3, 2280.1, 2280.2","36, 37.1, 37.2, 38, 39, 40, 41, 42.1, 43, 44, 45, 46, 47, 48, 49, 50, 51, 54, 55, 56, 57, 58, 59, 60, 61, 62, 63, 64, 65, 66, 67, 86, 87, 88, 89.1, 89.2, 90, 91, 92, 93, 94, 95, 96, 97, 99, 100, 101, 102, 103, 104, 105, 106, 107, 108, 109, 110, 111, 112, 128.1, 128.2, 129.1, 129.2, 130.1, 130.2, 132, 133, 134, 135, 136, 137, 138, 139, 140, 142, 143, 144, 145, 146, 147, 148, 149, 150, 151, 2336, 2337, 2338, 2339, 2351, 2352, 2353, 2354, 2355, 2356",85.82,60.90
4,2024-06-27,https://x.com/AvichayAdraee/status/1806264754068942966,https://gazamaps.com/displacement/4,https://gazamaps.com/storage/displacement-maps/gaza/idf/lCwkiZJPyNvUmm7YIg1OE9TFxY2RNdepDgvqRmNW.jpg,,,"618, 619, 622, 623, 632, 686, 720, 721, 722, 730, 731, 732, 734, 735, 736, 737, 751.1, 751.2, 834, 887, 888, 889, 890, 891, 892, 893",,4.91,0.00
5,2024-05-18,https://x.com/AvichayAdraee/status/1791870827484328420,https://gazamaps.com/displacement/5,https://gazamaps.com/storage/displacement-maps/gaza/idf/hyOLmDfY0QeqQOBmzU1aLav7OmOXTyO5mHzq8mZw.jpg,,,"974, 978, 979, 1738, 1739, 1740, 1741, 1742, 1743, 1744, 1745",,7.55,0.00
6,2024-05-15,,https://gazamaps.com/displacement/6,https://gazamaps.com/storage/displacement-maps/gaza/idf/xMIx9xFu9RHTPBx1J5HefUdmcOAM5jvOPyoCYPV0.jpg,,,"1763, 1764, 1765, 1767, 1768, 1769, 1770, 1774",,2.47,0.00
7,2024-05-14,https://x.com/AvichayAdraee/status/1790391505045033042,https://gazamaps.com/displacement/7,https://gazamaps.com/storage/displacement-maps/gaza/idf/gdOdFWo274rvGH2Xby8YlHunNFXGgyAPfcV9ME6V.jpg,,,"967, 969, 970, 971, 972, 973, 974, 984, 1738, 1739",,1.42,0.00
8,2024-05-11,https://x.com/AvichayAdraee/status/1789171670105636971,https://gazamaps.com/displacement/8,https://gazamaps.com/storage/displacement-maps/gaza/idf/RUTJ5DYhugje2zInZYvPPi3kVV0rqYKWJ9mHgQSv.jpg,,,"6, 7, 8, 9, 17, 25, 26, 27, 31","36, 37.1, 37.2, 38, 39, 40, 41, 42.1, 43, 44, 45, 46, 47, 48, 49, 50, 51, 54, 55, 56, 57, 58, 59, 60, 61, 62, 63, 64, 65, 66, 67, 86, 87, 88, 89.1, 89.2, 90, 91, 92, 93, 94, 95, 96, 97, 99, 100, 101, 102, 103, 104, 105, 106, 107, 108, 109, 110, 111, 112, 128.1, 128.2, 129.1, 129.2, 130.1, 130.2, 132, 133, 134, 135, 136, 137, 138, 139, 140, 142, 143, 144, 145, 146, 147, 148, 149, 150, 151, 2336, 2337, 2338, 2339, 2351, 2352, 2353, 2354, 2355, 2356",6.01,60.90
9,2024-05-11,https://x.com/AvichayAdraee/status/1789171670105636971,https://gazamaps.com/displacement/9,https://gazamaps.com/storage/displacement-maps/gaza/idf/cdrX7y8lFFTPFmvodYztvPw7hx4jquP0rYS4iop8.jpg,,,"578, 754, 755, 756, 920, 952, 953, 961, 962, 963, 976, 984, 1766, 1771, 1772, 1781, 1782, 1783, 1784, 1785, 1786, 1787, 1788, 1789, 1790, 1791, 1792, 1793, 1794, 1795, 1796, 1797, 1798, 1799, 1800, 1801, 1802, 1803, 1804, 1805, 1806, 1807, 1808, 1809, 1810, 1811, 1812, 1813, 1814, 1816, 1817, 1818, 1819, 1820",,11.67,0.00
10,2024-05-06,https://x.com/AvichayAdraee/status/1787344298943365560,https://gazamaps.com/displacement/10,https://gazamaps.com/storage/displacement-maps/gaza/idf/CQq0zMtYx4jBDb9nxLcZTQx81nNXlBYx0tbdNSCQ.jpg,,,"10, 11, 12, 13, 14, 15, 16, 28","36, 37.1, 37.2, 38, 39, 40, 41, 42.1, 43, 44, 45, 46, 47, 48, 49, 50, 51, 54, 55, 56, 57, 58, 59, 60, 61, 62, 63, 64, 65, 66, 67, 86, 87, 88, 89.1, 89.2, 90, 91, 92, 93, 94, 95, 96, 97, 99, 100, 101, 102, 103, 104, 105, 106, 107, 108, 109, 110, 111, 112, 128.1, 128.2, 129.1, 129.2, 130.1, 130.2, 132, 133, 134, 135, 136, 137, 138, 139, 140, 142, 143, 144, 145, 146, 147, 148, 149, 150, 151, 2336, 2337, 2338, 2339, 2351, 2352, 2353, 2354, 2355, 2356",6.31,60.90
12,2024-03-18,https://x.com/avichayadraee/status/1769613852021231856,https://gazamaps.com/displacement/12,https://gazamaps.com/storage/displacement-maps/gaza/idf/X5xMagPcuyiDEqqZX26pHkF5axA3V2OZSnaYlpfC.jpg,,,"663, 703, 704, 705, 706, 707, 708, 709, 785, 835",,2.42,0.00
13,2024-02-20,https://x.com/avichayadraee/status/1759825957697774049,https://gazamaps.com/displacement/13,https://gazamaps.com/storage/displacement-maps/gaza/idf/GpQhfefeEjZCmszQR9VuztPRXAUIQUSPeQvcnbEX.jpg,,,"321, 613, 619, 620, 622, 623, 624, 625, 626, 627, 628, 629, 630, 631, 632, 633, 634, 635, 636, 638, 639.1, 639.2, 639.3, 639.4, 640.1, 640.2, 641, 642.1, 642.2, 643, 644, 682, 683.1, 683.2, 684, 686, 710, 711, 730, 731, 732, 733, 734, 735, 736, 737",,14.95,0.00
15,2024-01-29,,https://gazamaps.com/displacement/15,https://gazamaps.com/storage/displacement-maps/gaza/idf/CMG16SLiq9szcbVdV0o6tnwIMaUENvkhuZNB7644.jpg,https://gazamaps.com/storage/displacement-maps/gaza/full/vM9l6G3Kik7wUQLwbRfZligC77l4BRzbJhGOzcjm.jpg,https://gazamaps.com/storage/displacement-maps/gaza/zoom/ROQn8z32GaGNWYXspcXfqED5BSRJfqfRIXsg8Ovc.jpg,"663, 687, 688, 690, 702, 703, 704, 705, 706, 707, 708, 709, 724, 725, 726, 727, 728, 729, 762, 765, 766, 767, 768, 769, 771, 772, 776, 777, 778, 779, 780, 781, 782, 783, 784, 785, 786, 787, 788, 789, 835",,10.49,0.00
14,2024-01-23,https://x.com/AvichayAdraee/status/1749716786818281575/photo/1,https://gazamaps.com/displacement/14,https://gazamaps.com/storage/displacement-maps/gaza/idf/bzFlcyWcO7j62SWCirg9I1F5NFx7QTyylv6lTwBF.jpg,https://gazamaps.com/storage/displacement-maps/gaza/full/j80sNix1m7TbvnSPslgjbFqPeCiUagi7nuDBlK4J.jpg,https://gazamaps.com/storage/displacement-maps/gaza/zoom/3ClHr9MWgBZDalNSsOjIulWbBFk3msxwtMQFsSv5.jpg,"107, 108, 109, 110, 111, 112",,3.21,0.00
11,2023-12-31,https://x.com/avichayadraee/status/1740307087748423697,https://gazamaps.com/displacement/11,https://gazamaps.com/storage/displacement-maps/gaza/idf/gJyDSi4OYuyPazdmfkUM8BU2rHcm0UmnAvyFRuE1.jpg,,,,,0.00,0.00
31,2023-12-14,https://x.com/AvichayAdraee/status/1735216345820590388,https://gazamaps.com/displacement/31,https://gazamaps.com/storage/displacement-maps/gaza/idf/HHWogXG7tDGYneoJtjjxQqfkfyRe2UtwbS7sYwhr.jpg,https://gazamaps.com/storage/displacement-maps/gaza/full/N7XMRAvmaNrCw1wifrCtWwDPmK9WPKPlsiJ1nt53.jpg,https://gazamaps.com/storage/displacement-maps/gaza/zoom/L7LZY2P1hsQ00Vs96LbGDUkqlHYtBVtWPbG4j2wD.jpg,"47, 56, 59, 67, 101, 102, 103, 104, 105, 106",,1.15,0.00
32,2023-12-09,https://x.com/AvichayAdraee/status/1733485933834449245/photo/1,https://gazamaps.com/displacement/32,https://gazamaps.com/storage/displacement-maps/gaza/idf/G0ty0ipfFWyH6JBLHhHLegZhURolG3kVDx707gKd.jpg,https://gazamaps.com/storage/displacement-maps/gaza/full/Svhh1o8AW4rKQtZLRPQhzWv9GWrC1jn3CGGF7GMm.jpg,https://gazamaps.com/storage/displacement-maps/gaza/zoom/GTyx75zNKRbdOcH9ehhsOrgk9Sia3MAgYxCtuhyv.jpg,"47, 55, 103, 104, 105, 106",,0.74,0.00
40,2023-12-09,https://x.com/AvichayAdraee/status/1733036333352767914/photo/1,https://gazamaps.com/displacement/40,https://gazamaps.com/storage/displacement-maps/gaza/idf/vpHtaIcL67aji9PEwIjysz858ogPc0L8x9gtwQpy.jpg,https://gazamaps.com/storage/displacement-maps/gaza/full/mQ6NbzttEkP26OitC4sDtdab3aFwaQD5Ce6oPNja.jpg,https://gazamaps.com/storage/displacement-maps/gaza/zoom/iBddEm3ZlOgSqD9otxhs7n1ZiTnWmTbOwLrcY2oU.jpg,"578, 602, 604, 605, 606, 607, 608, 609, 617, 618, 697, 699, 713, 714, 715, 716, 717, 718, 719, 720, 721, 722, 723, 751.1, 751.2, 752, 753, 754, 755, 756, 834, 891, 893, 909, 915, 916, 919, 920, 952, 953, 961, 963, 1766, 1767, 1768, 1770, 1771, 1772, 1774, 1781, 1782, 1783, 1784, 1785, 1786, 1787, 1788, 1789, 1790, 1791, 1792, 1793, 1794, 1795, 1796, 1797, 1798, 1799, 1800, 1801, 1802, 1803, 1804, 1805, 1806, 1807, 1808, 1809, 1810, 1811, 1812, 1816, 1817, 1819, 1820",,20.63,0.00
41,2023-12-04,https://x.com/AvichayAdraee/status/1731539367368241265/photo/1,https://gazamaps.com/displacement/41,https://gazamaps.com/storage/displacement-maps/gaza/idf/cBsrrDT6UkRNVYLJeI5NAJV7MheILSCD4507cnAe.jpg,https://gazamaps.com/storage/displacement-maps/gaza/full/WLtCA2s6VfMxwmQhaTNI5rCK2T8j8jdZlMh1Ba3Y.jpg,https://gazamaps.com/storage/displacement-maps/gaza/zoom/IJGmhcghiWju4LestHh4JtQRwVM5xdVtjZqKKQsY.jpg,"36, 38, 39, 40, 41, 42.1, 42.2, 42.3, 43, 44, 45, 46, 47, 48, 49, 50, 51, 52, 53, 54, 55, 103, 104, 105, 106, 218, 219, 220.1, 220.2, 221",,11.57,0.00
18,2023-12-02,https://x.com/AvichayAdraee/status/1730849868447436881/photo/2,https://gazamaps.com/displacement/18,https://gazamaps.com/storage/displacement-maps/gaza/idf/8McZY71rOJr6k20SQ7EH6eu8Bb0S5gUOyGMCdjTL.png,https://gazamaps.com/storage/displacement-maps/gaza/full/YWpIgbqzDARr8V6mH2Q6EYV0hKCYv1HLUpGpBZcV.jpg,https://gazamaps.com/storage/displacement-maps/gaza/zoom/F2keMXVEZzQYmihjaobl1YwTbmMn69GyXz2WjFW4.jpg,"578, 602, 604, 605, 606, 607, 608, 609, 617, 618, 697, 699, 713, 714, 715, 716, 717, 718, 719, 720, 721, 722, 723, 751.1, 751.2, 752, 753, 754, 755, 756, 834, 891, 893, 909, 915, 916, 919, 920, 952, 953, 961, 963, 1766, 1767, 1768, 1770, 1771, 1772, 1774, 1781, 1782, 1783, 1784, 1785, 1786, 1787, 1788, 1789, 1790, 1791, 1792, 1793, 1794, 1795, 1796, 1797, 1798, 1799, 1800, 1801, 1802, 1803, 1804, 1805, 1806, 1807, 1808, 1809, 1810, 1811, 1812, 1816, 1817, 1819, 1820",,20.63,0.00
42,2023-12-02,https://x.com/AvichayAdraee/status/1730849868447436881/photo/1,https://gazamaps.com/displacement/42,https://gazamaps.com/storage/displacement-maps/gaza/idf/0S0wRRHFIfI7O7knqKejWei1N3zxC7GY63KRebVC.jpg,https://gazamaps.com/storage/displacement-maps/gaza/full/OeYajfp08K6tXmHqKW7b8l8QOiEzaVazkxdHyg6x.jpg,https://gazamaps.com/storage/displacement-maps/gaza/zoom/E1K6BMtNyQnCml2POkIGkIrBRHmMgHhzoMYySoFx.jpg,"699, 713, 714, 715, 718, 719, 723, 754, 755, 760, 764, 961, 962, 963, 964, 975, 976, 977, 983, 1772, 1781, 1782, 1783, 1784, 1785, 1786, 1787, 1788, 1789, 1790, 1791, 1792, 1793, 1794, 1795, 1796, 1797, 1798, 1799, 1800, 1801, 1802, 1803, 1804, 1805, 1806, 1807, 1808, 1809, 1810, 1811, 1812, 1813, 1814, 1815, 1816, 1817, 1818, 1819, 1820",,11.74,0.00
105,2023-11-15,https://x.com/AvichayAdraee/status/1724698787753361887,https://gazamaps.com/displacement/105,https://gazamaps.com/storage/displacement-maps/gaza/idf/Db9HkEaK28CLVL31WHVTfe930cVezx5LqHcruGMq.jpg,,,,,0.00,0.00
102,2023-10-13,https://x.com/AvichayAdraee/status/1712846493747495223,https://gazamaps.com/displacement/102,https://gazamaps.com/storage/displacement-maps/gaza/idf/b8oDJnK2rkzCKdELG4QtzEKljSzFh4bdhwFFOS2h.jpg,,,,,0.00,0.00
16,2023-10-07,https://x.com/avichayadraee/status/1710776997230620908,https://gazamaps.com/displacement/16,https://gazamaps.com/storage/displacement-maps/gaza/idf/JLJ9pQAN4uX9EJJjQg026n5WG7JM7y0k3WpywFMa.jpg,https://gazamaps.com/storage/displacement-maps/gaza/full/kxjTRxcr0qfJyjyEpsNgDdMJ1MgfEm5kPVv0yxtY.jpg,https://gazamaps.com/storage/displacement-maps/gaza/zoom/PRPTRqgXs6bIs3tu4mPwYsAPbaYgkSdA4hfYa7pm.jpg,"10, 11, 12, 569, 570, 571, 574, 578, 579, 580, 581, 582, 583, 584, 585, 660, 824, 832, 833, 852, 853, 889, 892, 978, 979, 980, 1742, 1743, 2210, 2220, 2221, 2231.1, 2231.2, 2240",,27.00,0.00
